time_banco;id_fbref_time;nome_jogador;url_fbref_jogador;temporada
Botafogo-SP;3cc399a5;Victor Souza;https://fbref.com/en/players/6042024f/Victor-Souza;2025
Botafogo-SP;3cc399a5;Gabriel Risso Patrón;https://fbref.com/en/players/663d938f/Gabriel-Risso-Patron;2025
Botafogo-SP;3cc399a5;Jefferson Nem;https://fbref.com/en/players/1b9dbdf0/Jefferson-Nem;2025
Botafogo-SP;3cc399a5;Leandro Maciel;https://fbref.com/en/players/9f7d5fbf/Leandro-Maciel;2025
Botafogo-SP;3cc399a5;Jeferson;https://fbref.com/en/players/894c9325/Jeferson;2025
Botafogo-SP;3cc399a5;Gabriel Bispo;https://fbref.com/en/players/427c6ce5/Gabriel-Bispo;2025
Botafogo-SP;3cc399a5;Ericson;https://fbref.com/en/players/5f914553/Ericson;2025
Botafogo-SP;3cc399a5;Jonathan Cafu;https://fbref.com/en/players/8d043f1d/Jonathan-Cafu;2025
Botafogo-SP;3cc399a5;Wesley;https://fbref.com/en/players/b3f1a58a/Wesley;2025
Botafogo-SP;3cc399a5;Alejo Dramisino;https://fbref.com/en/players/17682846/Alejo-Dramisino;2025
Botafogo-SP;3cc399a5;Carlão;https://fbref.com/en/players/4d532a16/Carlao;2025
Botafogo-SP;3cc399a5;Alexandre Jesus;https://fbref.com/en/players/25a323f3/Alexandre-Jesus;2025
Botafogo-SP;3cc399a5;Wallison Silva;https://fbref.com/en/players/fed292fe/Wallison-Silva;2025
Botafogo-SP;3cc399a5;Rafael Milhorim;https://fbref.com/en/players/41b411c8/Rafael-Milhorim;2025
Botafogo-SP;3cc399a5;Edson;https://fbref.com/en/players/041250aa/Edson;2025
Botafogo-SP;3cc399a5;Marquinho;https://fbref.com/en/players/f3f2fc15/Marquinho;2025
Botafogo-SP;3cc399a5;Gustavo Vilar;https://fbref.com/en/players/afcfcc1e/Gustavo-Vilar;2025
Botafogo-SP;3cc399a5;Gabriel Barros;https://fbref.com/en/players/b43515ea/Gabriel-Barros;2025
Botafogo-SP;3cc399a5;Léo Gamalho;https://fbref.com/en/players/f73056ee/Leo-Gamalho;2025
Botafogo-SP;3cc399a5;Sabit Abdulai;https://fbref.com/en/players/9f9e1b9c/Sabit-Abdulai;2025
Botafogo-SP;3cc399a5;Player;;2025
Botafogo-SP;3cc399a5;Ronie Carrillo;https://fbref.com/en/players/f22278e5/Ronie-Carrillo;2025
Botafogo-SP;3cc399a5;Alisson Cassiano;https://fbref.com/en/players/a0b058f9/Alisson-Cassiano;2025
Botafogo-SP;3cc399a5;Robinho;https://fbref.com/en/players/d6d16e83/Robinho;2025
Botafogo-SP;3cc399a5;Jean;https://fbref.com/en/players/e905fdff/Jean;2025
Botafogo-SP;3cc399a5;Guilherme Queiróz;https://fbref.com/en/players/a4ea7db1/Guilherme-Queiroz;2025
Botafogo-SP;3cc399a5;Matheus Régis;https://fbref.com/en/players/bfb2f418/Matheus-Regis;2025
Botafogo-SP;3cc399a5;João Carlos;https://fbref.com/en/players/ad9e7995/Joao-Carlos;2025
Botafogo-SP;3cc399a5;Matheus Barbosa;https://fbref.com/en/players/78acef2e/Matheus-Barbosa;2025
Botafogo-SP;3cc399a5;Jhony Santiago;https://fbref.com/en/players/ed7bd640/Jhony-Santiago;2025
Botafogo-SP;3cc399a5;Pablo Thomaz;https://fbref.com/en/players/40ded3c2/Pablo-Thomaz;2025
Botafogo-SP;3cc399a5;Willian;https://fbref.com/en/players/813f8caf/Willian;2025
Botafogo-SP;3cc399a5;Tortello;https://fbref.com/en/players/e71093bf/Tortello;2025
Botafogo-SP;3cc399a5;Douglas Baggio;https://fbref.com/en/players/a74adf6e/Douglas-Baggio;2025
Botafogo-SP;3cc399a5;Hebert Badaró;https://fbref.com/en/players/9e5f07e8/Hebert-Badaro;2025
Botafogo-SP;3cc399a5;Rafael Castro;https://fbref.com/en/players/02bca331/Rafael-Castro;2025
Botafogo-SP;3cc399a5;Matheus Costa;https://fbref.com/en/players/3b87c918/Matheus-Costa;2025
Botafogo-SP;3cc399a5;Yuri Felipe;https://fbref.com/en/players/d0163fa0/Yuri-Felipe;2025
Botafogo-SP;3cc399a5;Pedro Henrique;https://fbref.com/en/players/3e990121/Pedro-Henrique;2025
Botafogo-SP;3cc399a5;Brenno Klippel;https://fbref.com/en/players/32f6bda3/Brenno-Klippel;2025
Botafogo-SP;3cc399a5;Cauã Lucas;https://fbref.com/en/players/2708989a/Caua-Lucas;2025
Botafogo-SP;3cc399a5;Iago Morais;https://fbref.com/en/players/d0dfe581/Iago-Morais;2025
Botafogo-SP;3cc399a5;Caíque Trindade;https://fbref.com/en/players/e3cf4fa1/Caique-Trindade;2025
Corinthians;bf4acd28;Breno;https://fbref.com/en/players/4c532308/Breno;2025
Corinthians;bf4acd28;Matheuzinho;https://fbref.com/en/players/2a5bc0cd/Matheuzinho;2025
Corinthians;bf4acd28;Hugo Souza;https://fbref.com/en/players/c02e5af1/Hugo-Souza;2025
Corinthians;bf4acd28;Raniele;https://fbref.com/en/players/a025365f/Raniele;2025
Corinthians;bf4acd28;Gustavo Henrique;https://fbref.com/en/players/fa066690/Gustavo-Henrique;2025
Corinthians;bf4acd28;Matheus Bidu;https://fbref.com/en/players/b8a72293/Matheus-Bidu;2025
Corinthians;bf4acd28;Yuri Alberto;https://fbref.com/en/players/65159211/Yuri-Alberto;2025
Corinthians;bf4acd28;André Ramalho;https://fbref.com/en/players/7483d9f9/Andre-Ramalho;2025
Corinthians;bf4acd28;Fabrizio Angileri;https://fbref.com/en/players/fdd26d71/Fabrizio-Angileri;2025
Corinthians;bf4acd28;Memphis;https://fbref.com/en/players/8f696594/Memphis;2025
Corinthians;bf4acd28;José Andrés Martínez;https://fbref.com/en/players/c8364e8e/Jose-Andres-Martinez;2025
Corinthians;bf4acd28;Maycon;https://fbref.com/en/players/005ca692/Maycon;2025
Corinthians;bf4acd28;Cacá;https://fbref.com/en/players/27f4a416/Caca;2025
Corinthians;bf4acd28;André Carrillo;https://fbref.com/en/players/7527558b/Andre-Carrillo;2025
Corinthians;bf4acd28;Rodrigo Garro;https://fbref.com/en/players/42b3b51f/Rodrigo-Garro;2025
Corinthians;bf4acd28;João Pedro;https://fbref.com/en/players/cd51f56f/Joao-Pedro;2025
Corinthians;bf4acd28;Gui Negão;https://fbref.com/en/players/8d835047/Gui-Negao;2025
Corinthians;bf4acd28;Ángel Romero;https://fbref.com/en/players/36edfb9b/Angel-Romero;2025
Corinthians;bf4acd28;Talles Magno;https://fbref.com/en/players/64c98878/Talles-Magno;2025
Corinthians;bf4acd28;Félix Torres Caicedo;https://fbref.com/en/players/c0a8860f/Felix-Torres-Caicedo;2025
Corinthians;bf4acd28;Player;;2025
Corinthians;bf4acd28;Charles Rigon Matos;https://fbref.com/en/players/6ff91a3a/Charles-Rigon-Matos;2025
Corinthians;bf4acd28;Felipe Longo;https://fbref.com/en/players/e671b482/Felipe-Longo;2025
Corinthians;bf4acd28;Hugo;https://fbref.com/en/players/bd2593f3/Hugo;2025
Corinthians;bf4acd28;Ryan Gustavo;https://fbref.com/en/players/93573ea1/Ryan-Gustavo;2025
Corinthians;bf4acd28;Matheus Donelli;https://fbref.com/en/players/7c736064/Matheus-Donelli;2025
Corinthians;bf4acd28;Vitinho;https://fbref.com/en/players/a9e68c94/Vitinho;2025
Corinthians;bf4acd28;Dieguinho;https://fbref.com/en/players/5c983aa2/Dieguinho;2025
Corinthians;bf4acd28;Kayke;https://fbref.com/en/players/ce705c56/Kayke;2025
Corinthians;bf4acd28;Igor Coronado;https://fbref.com/en/players/8d9544ea/Igor-Coronado;2025
Corinthians;bf4acd28;Héctor;https://fbref.com/en/players/6294bc9d/Hector;2025
Corinthians;bf4acd28;Léo Mana;https://fbref.com/en/players/d7a180bc/Leo-Mana;2025
Corinthians;bf4acd28;André;https://fbref.com/en/players/867660e8/Andre;2025
Corinthians;bf4acd28;Alex Santana;https://fbref.com/en/players/e75dc411/Alex-Santana;2025
Corinthians;bf4acd28;Kauê;https://fbref.com/en/players/456ce27f/Kaue;2025
Corinthians;bf4acd28;Bahia;https://fbref.com/en/players/a4b1b158/Bahia;2025
Corinthians;bf4acd28;Guilherme Amorim;https://fbref.com/en/players/c8a4d35a/Guilherme-Amorim;2025
Corinthians;bf4acd28;Gabriel Caipira;https://fbref.com/en/players/6404c1d8/Gabriel-Caipira;2025
Corinthians;bf4acd28;Jacaré;https://fbref.com/en/players/16acd7a9/Jacare;2025
Corinthians;bf4acd28;Kauê Junior;https://fbref.com/en/players/1c8f7804/Kaue-Junior;2025
Corinthians;bf4acd28;Diego Palacios;https://fbref.com/en/players/6ec37f2e/Diego-Palacios;2025
Mirassol;289e8847;Jemmes;https://fbref.com/en/players/341cadaf/Jemmes;2025
Mirassol;289e8847;Danielzinho;https://fbref.com/en/players/320de24c/Danielzinho;2025
Mirassol;289e8847;João Victor;https://fbref.com/en/players/d6d0c8bb/Joao-Victor;2025
Mirassol;289e8847;Reinaldo;https://fbref.com/en/players/ab3edc87/Reinaldo;2025
Mirassol;289e8847;Walter;https://fbref.com/en/players/8bae322b/Walter;2025
Mirassol;289e8847;Neto Moura;https://fbref.com/en/players/28fd3b9e/Neto-Moura;2025
Mirassol;289e8847;Lucas Ramon;https://fbref.com/en/players/58933a04/Lucas-Ramon;2025
Mirassol;289e8847;Negueba;https://fbref.com/en/players/47c2829f/Negueba;2025
Mirassol;289e8847;Gabriel;https://fbref.com/en/players/8dc3be2b/Gabriel;2025
Mirassol;289e8847;Alesson;https://fbref.com/en/players/611e984e/Alesson;2025
Mirassol;289e8847;Edson Carioca;https://fbref.com/en/players/14c679d6/Edson-Carioca;2025
Mirassol;289e8847;José Aldo;https://fbref.com/en/players/2f90595a/Jose-Aldo;2025
Mirassol;289e8847;Francisco da Costa;https://fbref.com/en/players/bc16535e/Francisco-da-Costa;2025
Mirassol;289e8847;Cristian Renato;https://fbref.com/en/players/349504e0/Cristian-Renato;2025
Mirassol;289e8847;Daniel Borges;https://fbref.com/en/players/71879f82/Daniel-Borges;2025
Mirassol;289e8847;Yago;https://fbref.com/en/players/e2add0e7/Yago;2025
Mirassol;289e8847;Alex Muralha;https://fbref.com/en/players/38082f12/Alex-Muralha;2025
Mirassol;289e8847;Guilherme;https://fbref.com/en/players/9e61c019/Guilherme;2025
Mirassol;289e8847;Iury de Castilho;https://fbref.com/en/players/555311f2/Iury-de-Castilho;2025
Mirassol;289e8847;Carlos Eduardo;https://fbref.com/en/players/27c23008/Carlos-Eduardo;2025
Mirassol;289e8847;Player;;2025
Mirassol;289e8847;Felipe Jonatan;https://fbref.com/en/players/0102ca7f/Felipe-Jonatan;2025
Mirassol;289e8847;Gabriel Knesowitsch;https://fbref.com/en/players/11cc9108/Gabriel-Knesowitsch;2025
Mirassol;289e8847;Fabrício;https://fbref.com/en/players/0211a29e/Fabricio;2025
Mirassol;289e8847;Shaylon;https://fbref.com/en/players/69c11ef0/Shaylon;2025
Mirassol;289e8847;Renato Marques;https://fbref.com/en/players/838d1215/Renato-Marques;2025
Mirassol;289e8847;Clayson;https://fbref.com/en/players/85c1009d/Clayson;2025
Mirassol;289e8847;Chico;https://fbref.com/en/players/bad7d8a9/Chico;2025
Mirassol;289e8847;Luiz Otávio;https://fbref.com/en/players/35e4fc3a/Luiz-Otavio;2025
Mirassol;289e8847;Everton Maceió;https://fbref.com/en/players/5823de33/Everton-Maceio;2025
Mirassol;289e8847;Budiga Roni;https://fbref.com/en/players/af433614/Budiga-Roni;2025
Mirassol;289e8847;Matheus Bianqui;https://fbref.com/en/players/9da67b35/Matheus-Bianqui;2025
Mirassol;289e8847;Matheus Davó;https://fbref.com/en/players/e48e1310/Matheus-Davo;2025
Mirassol;289e8847;José Vitor Silva Neves;https://fbref.com/en/players/11283939/Jose-Vitor-Silva-Neves;2025
Mirassol;289e8847;Luiz Filipe;https://fbref.com/en/players/4a615e0b/Luiz-Filipe;2025
Mirassol;289e8847;Gustavo Lacerda;https://fbref.com/en/players/24d93bd6/Gustavo-Lacerda;2025
Mirassol;289e8847;Leonan;https://fbref.com/en/players/d4dd25d5/Leonan;2025
Mirassol;289e8847;Gustavo Nunes;https://fbref.com/en/players/48f6b7da/Gustavo-Nunes;2025
Mirassol;289e8847;Wesley Santos;https://fbref.com/en/players/afcfc50e/Wesley-Santos;2025
Mirassol;289e8847;Da Silva;https://fbref.com/en/players/4772a037/Da-Silva;2025
Mirassol;289e8847;Thomazella;https://fbref.com/en/players/af976211/Thomazella;2025
Novorizontino;7a1064a2;Airton Moraes;https://fbref.com/en/players/5e8682b0/Airton-Moraes;2025
Novorizontino;7a1064a2;Rodrigo Alves Soares;https://fbref.com/en/players/4c1b67d6/Rodrigo-Alves-Soares;2025
Novorizontino;7a1064a2;Patrick;https://fbref.com/en/players/402703fc/Patrick;2025
Novorizontino;7a1064a2;César;https://fbref.com/en/players/4dcde17a/Cesar;2025
Novorizontino;7a1064a2;Matheus Frizzo;https://fbref.com/en/players/c0127570/Matheus-Frizzo;2025
Novorizontino;7a1064a2;Dantas;https://fbref.com/en/players/7f654c1e/Dantas;2025
Novorizontino;7a1064a2;Fábio Matheus;https://fbref.com/en/players/41776d66/Fabio-Matheus;2025
Novorizontino;7a1064a2;Luis Oyama;https://fbref.com/en/players/ed0c094b/Luis-Oyama;2025
Novorizontino;7a1064a2;Jean;https://fbref.com/en/players/69a34ec0/Jean;2025
Novorizontino;7a1064a2;Mayk;https://fbref.com/en/players/e7819596/Mayk;2025
Novorizontino;7a1064a2;Bruno José;https://fbref.com/en/players/13156d2f/Bruno-Jose;2025
Novorizontino;7a1064a2;Robson;https://fbref.com/en/players/e29eff7a/Robson;2025
Novorizontino;7a1064a2;Waguinho;https://fbref.com/en/players/ab2ae96b/Waguinho;2025
Novorizontino;7a1064a2;Romulo;https://fbref.com/en/players/58a061ba/Romulo;2025
Novorizontino;7a1064a2;Nathan Fogaça;https://fbref.com/en/players/aad135a3/Nathan-Fogaca;2025
Novorizontino;7a1064a2;Pablo Dyego;https://fbref.com/en/players/fce54d7d/Pablo-Dyego;2025
Novorizontino;7a1064a2;Rafael Donato;https://fbref.com/en/players/b33b1573/Rafael-Donato;2025
Novorizontino;7a1064a2;Marlon;https://fbref.com/en/players/455c6130/Marlon;2025
Novorizontino;7a1064a2;Patrick;https://fbref.com/en/players/c5b2d65e/Patrick;2025
Novorizontino;7a1064a2;Willian Farias;https://fbref.com/en/players/d1fcff2f/Willian-Farias;2025
Novorizontino;7a1064a2;Player;;2025
Novorizontino;7a1064a2;Igor Marques;https://fbref.com/en/players/8b364abd/Igor-Marques;2025
Novorizontino;7a1064a2;Tavinho;https://fbref.com/en/players/ea4d2eed/Tavinho;2025
Novorizontino;7a1064a2;Airton;https://fbref.com/en/players/751ef075/Airton;2025
Novorizontino;7a1064a2;Lucca;https://fbref.com/en/players/c1b02057/Lucca;2025
Novorizontino;7a1064a2;Jordi Almeida;https://fbref.com/en/players/774af19d/Jordi-Almeida;2025
Novorizontino;7a1064a2;Caio Dantas;https://fbref.com/en/players/f9d7a001/Caio-Dantas;2025
Novorizontino;7a1064a2;Léo Natel;https://fbref.com/en/players/cd8d04a2/Leo-Natel;2025
Novorizontino;7a1064a2;Léo Tocantins;https://fbref.com/en/players/dc7aa46d/Leo-Tocantins;2025
Novorizontino;7a1064a2;Raí Ramos;https://fbref.com/en/players/ad5311be/Rai-Ramos;2025
Novorizontino;7a1064a2;Óscar Ruiz;https://fbref.com/en/players/620ce7b1/Oscar-Ruiz;2025
Novorizontino;7a1064a2;Renato Palma;https://fbref.com/en/players/31531b75/Renato-Palma;2025
Novorizontino;7a1064a2;Pedro Balotelli;https://fbref.com/en/players/c5d833b0/Pedro-Balotelli;2025
Novorizontino;7a1064a2;Antony;https://fbref.com/en/players/13fd563b/Antony;2025
Novorizontino;7a1064a2;Gabriel Correia;https://fbref.com/en/players/62cd1120/Gabriel-Correia;2025
Novorizontino;7a1064a2;Marcelo;https://fbref.com/en/players/80d650ee/Marcelo;2025
Novorizontino;7a1064a2;Victor Gabriel dos Santos;https://fbref.com/en/players/76e1d87d/Victor-Gabriel-dos-Santos;2025
Novorizontino;7a1064a2;João Scapin;https://fbref.com/en/players/1583f87b/Joao-Scapin;2025
Palmeiras;abdce579;Joaquín Piquerez;https://fbref.com/en/players/46009f44/Joaquin-Piquerez;2025
Palmeiras;abdce579;Wéverton;https://fbref.com/en/players/81be82e9/Weverton;2025
Palmeiras;abdce579;Gustavo Gómez;https://fbref.com/en/players/d5ce52a5/Gustavo-Gomez;2025
Palmeiras;abdce579;Vitor Roque;https://fbref.com/en/players/cb00f1e6/Vitor-Roque;2025
Palmeiras;abdce579;Felipe Anderson;https://fbref.com/en/players/9f1893b9/Felipe-Anderson;2025
Palmeiras;abdce579;José Manuel López;https://fbref.com/en/players/e1426a52/Jose-Manuel-Lopez;2025
Palmeiras;abdce579;Agustín Giay;https://fbref.com/en/players/8047b72e/Agustin-Giay;2025
Palmeiras;abdce579;Facundo Torres;https://fbref.com/en/players/4de3b2c0/Facundo-Torres;2025
Palmeiras;abdce579;Murilo Cerqueira;https://fbref.com/en/players/10fe831e/Murilo-Cerqueira;2025
Palmeiras;abdce579;Aníbal Moreno;https://fbref.com/en/players/0c0f1cd3/Anibal-Moreno;2025
Palmeiras;abdce579;Bruno Fuchs;https://fbref.com/en/players/ee89e28d/Bruno-Fuchs;2025
Palmeiras;abdce579;Mauricio;https://fbref.com/en/players/bf4cbc22/Mauricio;2025
Palmeiras;abdce579;Emiliano Martínez;https://fbref.com/en/players/52061089/Emiliano-Martinez;2025
Palmeiras;abdce579;Micael;https://fbref.com/en/players/ea95d7a6/Micael;2025
Palmeiras;abdce579;Raphael Veiga;https://fbref.com/en/players/6e5a3bc7/Raphael-Veiga;2025
Palmeiras;abdce579;Lucas Evangelista;https://fbref.com/en/players/5f4ce4b6/Lucas-Evangelista;2025
Palmeiras;abdce579;Khellven;https://fbref.com/en/players/cf18ab1b/Khellven;2025
Palmeiras;abdce579;Andreas Pereira;https://fbref.com/en/players/6639e500/Andreas-Pereira;2025
Palmeiras;abdce579;Richard Ríos;https://fbref.com/en/players/72da065d/Richard-Rios;2025
Palmeiras;abdce579;Estêvão Willian;https://fbref.com/en/players/2eda11b1/Estevao-Willian;2025
Palmeiras;abdce579;Player;;2025
Palmeiras;abdce579;Carlos Miguel;https://fbref.com/en/players/84454067/Carlos-Miguel;2025
Palmeiras;abdce579;Allan;https://fbref.com/en/players/aae04867/Allan;2025
Palmeiras;abdce579;Jefté;https://fbref.com/en/players/94217eae/Jefte;2025
Palmeiras;abdce579;Ramón Sosa;https://fbref.com/en/players/2d3417a1/Ramon-Sosa;2025
Palmeiras;abdce579;Luis Benedetti;https://fbref.com/en/players/3690d4f3/Luis-Benedetti;2025
Palmeiras;abdce579;Bruno Nascimento;https://fbref.com/en/players/46411d56/Bruno-Nascimento;2025
Palmeiras;abdce579;Marcelo Lomba;https://fbref.com/en/players/e4835e3c/Marcelo-Lomba;2025
Palmeiras;abdce579;Mayke;https://fbref.com/en/players/47431289/Mayke;2025
Palmeiras;abdce579;Vanderlan;https://fbref.com/en/players/bd8432ff/Vanderlan;2025
Palmeiras;abdce579;Luighi;https://fbref.com/en/players/f6202ded/Luighi;2025
Palmeiras;abdce579;Paulinho;https://fbref.com/en/players/53070b63/Paulinho;2025
Palmeiras;abdce579;Marcos Rocha;https://fbref.com/en/players/fdd2f275/Marcos-Rocha;2025
Palmeiras;abdce579;Thalys;https://fbref.com/en/players/b6b3abf3/Thalys;2025
Palmeiras;abdce579;Larson;https://fbref.com/en/players/93175c23/Larson;2025
Palmeiras;abdce579;Riquelme Fillipi;https://fbref.com/en/players/6f913257/Riquelme-Fillipi;2025
Palmeiras;abdce579;Erick Belé;https://fbref.com/en/players/7d96f93b/Erick-Bele;2025
Palmeiras;abdce579;Kaiky Naves;https://fbref.com/en/players/621576f9/Kaiky-Naves;2025
Palmeiras;abdce579;Luis Pacheco;https://fbref.com/en/players/ffba37be/Luis-Pacheco;2025
Palmeiras;abdce579;Aranha;https://fbref.com/en/players/316795a6/Aranha;2025
Palmeiras;abdce579;Arthur;https://fbref.com/en/players/caf3e90b/Arthur;2025
Palmeiras;abdce579;Rafael Coutinho;https://fbref.com/en/players/e1a4f8c8/Rafael-Coutinho;2025
Palmeiras;abdce579;Kauan Cunha;https://fbref.com/en/players/d7eb7d07/Kauan-Cunha;2025
Palmeiras;abdce579;Gilberto;https://fbref.com/en/players/9aea767e/Gilberto;2025
Palmeiras;abdce579;Heittor Vinicius;https://fbref.com/en/players/1f6e2909/Heittor-Vinicius;2025
RB Bragantino;f98930d1;Cleiton Schwengber;https://fbref.com/en/players/d24ae824/Cleiton-Schwengber;2025
RB Bragantino;f98930d1;Jhon Jhon;https://fbref.com/en/players/f82517a8/Jhon-Jhon;2025
RB Bragantino;f98930d1;Gabriel;https://fbref.com/en/players/e9c0d5d8/Gabriel;2025
RB Bragantino;f98930d1;Pedro Henrique;https://fbref.com/en/players/4322e5d7/Pedro-Henrique;2025
RB Bragantino;f98930d1;Lucas Barbosa;https://fbref.com/en/players/a28eac7e/Lucas-Barbosa;2025
RB Bragantino;f98930d1;Eduardo Sasha;https://fbref.com/en/players/b938b871/Eduardo-Sasha;2025
RB Bragantino;f98930d1;Eric Ramires;https://fbref.com/en/players/37faa4cb/Eric-Ramires;2025
RB Bragantino;f98930d1;Guzmán Rodríguez;https://fbref.com/en/players/33f2fd18/Guzman-Rodriguez;2025
RB Bragantino;f98930d1;Juninho Capixaba;https://fbref.com/en/players/91ba7336/Juninho-Capixaba;2025
RB Bragantino;f98930d1;José Hurtado;https://fbref.com/en/players/cb067e96/Jose-Hurtado;2025
RB Bragantino;f98930d1;Ignacio Laquintana;https://fbref.com/en/players/2517fe3c/Ignacio-Laquintana;2025
RB Bragantino;f98930d1;Nathan Mendes;https://fbref.com/en/players/c5aa7b35/Nathan-Mendes;2025
RB Bragantino;f98930d1;Vanderlan;https://fbref.com/en/players/bd8432ff/Vanderlan;2025
RB Bragantino;f98930d1;Fabinho;https://fbref.com/en/players/ff0e595c/Fabinho;2025
RB Bragantino;f98930d1;Vinicius Mendonça;https://fbref.com/en/players/47a333ad/Vinicius-Mendonca;2025
RB Bragantino;f98930d1;Isidro Pitta;https://fbref.com/en/players/e9fc7295/Isidro-Pitta;2025
RB Bragantino;f98930d1;Gustavo Marques;https://fbref.com/en/players/b4fce835/Gustavo-Marques;2025
RB Bragantino;f98930d1;Alix Vinicius;https://fbref.com/en/players/2083298b/Alix-Vinicius;2025
RB Bragantino;f98930d1;Henry Mosquera;https://fbref.com/en/players/be206004/Henry-Mosquera;2025
RB Bragantino;f98930d1;Gustavinho;https://fbref.com/en/players/9525ddcd/Gustavinho;2025
RB Bragantino;f98930d1;Player;;2025
RB Bragantino;f98930d1;Guilherme Lopes;https://fbref.com/en/players/54974698/Guilherme-Lopes;2025
RB Bragantino;f98930d1;Agustín Sant'Anna;https://fbref.com/en/players/a680fc25/Agustin-SantAnna;2025
RB Bragantino;f98930d1;Matheus Fernandes;https://fbref.com/en/players/f76fdcd2/Matheus-Fernandes;2025
RB Bragantino;f98930d1;Thiago Borbas;https://fbref.com/en/players/04f9c45f/Thiago-Borbas;2025
RB Bragantino;f98930d1;Lucão;https://fbref.com/en/players/ebb5a0df/Lucao;2025
RB Bragantino;f98930d1;Bruno Praxedes;https://fbref.com/en/players/5dd520a8/Bruno-Praxedes;2025
RB Bragantino;f98930d1;Eduardo Santos;https://fbref.com/en/players/d226094c/Eduardo-Santos;2025
RB Bragantino;f98930d1;Sergio Palacios;https://fbref.com/en/players/e47c977a/Sergio-Palacios;2025
RB Bragantino;f98930d1;Fernando;https://fbref.com/en/players/d9d43555/Fernando;2025
RB Bragantino;f98930d1;Davi Gomes;https://fbref.com/en/players/4081e2e8/Davi-Gomes;2025
RB Bragantino;f98930d1;Caue;https://fbref.com/en/players/b8f62eb5/Caue;2025
RB Bragantino;f98930d1;Athyrson;https://fbref.com/en/players/2b26c3fe/Athyrson;2025
RB Bragantino;f98930d1;Stanley Boateng;https://fbref.com/en/players/3f0ebb69/Stanley-Boateng;2025
RB Bragantino;f98930d1;Chumbinho;https://fbref.com/en/players/5f78c6d3/Chumbinho;2025
RB Bragantino;f98930d1;Fernando Costa;https://fbref.com/en/players/4e18fa77/Fernando-Costa;2025
RB Bragantino;f98930d1;Fabrício;https://fbref.com/en/players/2b137c0c/Fabricio;2025
RB Bragantino;f98930d1;Yuri Leles;https://fbref.com/en/players/147757d3/Yuri-Leles;2025
RB Bragantino;f98930d1;Marcelinho;https://fbref.com/en/players/61234a52/Marcelinho;2025
RB Bragantino;f98930d1;Douglas Mendes;https://fbref.com/en/players/a734cb9a/Douglas-Mendes;2025
RB Bragantino;f98930d1;Kevyn Monteiro;https://fbref.com/en/players/c90b8d33/Kevyn-Monteiro;2025
RB Bragantino;f98930d1;João Neto;https://fbref.com/en/players/9737f758/Joao-Neto;2025
Santos;712c528f;Gabriel Brazão;https://fbref.com/en/players/18c697e8/Gabriel-Brazao;2025
Santos;712c528f;Álvaro Barreal;https://fbref.com/en/players/ffca53e1/Alvaro-Barreal;2025
Santos;712c528f;Guilherme;https://fbref.com/en/players/58649f05/Guilherme;2025
Santos;712c528f;Benjamín Rollheiser;https://fbref.com/en/players/e8c4a824/Benjamin-Rollheiser;2025
Santos;712c528f;João Schmidt;https://fbref.com/en/players/3630db1a/Joao-Schmidt;2025
Santos;712c528f;Luan Peres Petroni;https://fbref.com/en/players/a5549ec1/Luan-Peres-Petroni;2025
Santos;712c528f;Gonzalo Escobar;https://fbref.com/en/players/12207ec1/Gonzalo-Escobar;2025
Santos;712c528f;Zé Rafael;https://fbref.com/en/players/634b1413/Ze-Rafael;2025
Santos;712c528f;Zé Ivaldo;https://fbref.com/en/players/5b6e7010/Ze-Ivaldo;2025
Santos;712c528f;Souza;https://fbref.com/en/players/10b0c6f4/Souza;2025
Santos;712c528f;Neymar;https://fbref.com/en/players/69384e5d/Neymar;2025
Santos;712c528f;Igor Vinícius de Souza;https://fbref.com/en/players/ec95088d/Igor-Vinicius-de-Souza;2025
Santos;712c528f;Tiquinho Soares;https://fbref.com/en/players/4d982baf/Tiquinho-Soares;2025
Santos;712c528f;Adonis Frías;https://fbref.com/en/players/1b2f1090/Adonis-Frias;2025
Santos;712c528f;Lautaro Díaz;https://fbref.com/en/players/28b89ba7/Lautaro-Diaz;2025
Santos;712c528f;Tomás Rincón;https://fbref.com/en/players/f1cfc209/Tomas-Rincon;2025
Santos;712c528f;Gabriel Bontempo;https://fbref.com/en/players/3f384407/Gabriel-Bontempo;2025
Santos;712c528f;Mayke;https://fbref.com/en/players/47431289/Mayke;2025
Santos;712c528f;Willian Arão;https://fbref.com/en/players/f47a530a/Willian-Arao;2025
Santos;712c528f;Gil;https://fbref.com/en/players/31edef00/Gil;2025
Santos;712c528f;Player;;2025
Santos;712c528f;João Othavio Basso;https://fbref.com/en/players/86c79c42/Joao-Othavio-Basso;2025
Santos;712c528f;Victor Hugo;https://fbref.com/en/players/33fca7f7/Victor-Hugo;2025
Santos;712c528f;Thaciano;https://fbref.com/en/players/139113e4/Thaciano;2025
Santos;712c528f;Deivid Washington;https://fbref.com/en/players/95bd120d/Deivid-Washington;2025
Santos;712c528f;Luisão;https://fbref.com/en/players/fddae996/Luisao;2025
Santos;712c528f;Leonardo Godoy;https://fbref.com/en/players/0f9d8e45/Leonardo-Godoy;2025
Santos;712c528f;Alexis Duarte;https://fbref.com/en/players/a9f8c8c2/Alexis-Duarte;2025
Santos;712c528f;Diego Pituca;https://fbref.com/en/players/6f5249ed/Diego-Pituca;2025
Santos;712c528f;Yeferson Soteldo;https://fbref.com/en/players/bbb6c951/Yeferson-Soteldo;2025
Santos;712c528f;Robinho Junior;https://fbref.com/en/players/5042b172/Robinho-Junior;2025
Santos;712c528f;João Pedro Chermont;https://fbref.com/en/players/e987e031/Joao-Pedro-Chermont;2025
Santos;712c528f;Gustavo Caballero;https://fbref.com/en/players/90a38ca7/Gustavo-Caballero;2025
Santos;712c528f;Gabriel Veron;https://fbref.com/en/players/6bc49da7/Gabriel-Veron;2025
Santos;712c528f;Aderlan Silva;https://fbref.com/en/players/48371573/Aderlan-Silva;2025
Santos;712c528f;Luca Meirelles;https://fbref.com/en/players/a0860c1e/Luca-Meirelles;2025
Santos;712c528f;Mateus Xavier;https://fbref.com/en/players/55cc2965/Mateus-Xavier;2025
Santos;712c528f;Diogenes;https://fbref.com/en/players/858e2e40/Diogenes;2025
Santos;712c528f;Bilal Brahimi;https://fbref.com/en/players/02bcaf8e/Bilal-Brahimi;2025
Santos;712c528f;Hyan;https://fbref.com/en/players/37f34760/Hyan;2025
Santos;712c528f;Kevyson;https://fbref.com/en/players/1115f8aa/Kevyson;2025
Santos;712c528f;João Paulo;https://fbref.com/en/players/d0102ca0/Joao-Paulo;2025
Santos;712c528f;João Alencar;https://fbref.com/en/players/0fd7d99f/Joao-Alencar;2025
Santos;712c528f;João Ananias;https://fbref.com/en/players/91c13988/Joao-Ananias;2025
Santos;712c528f;Gustavo Henrique;https://fbref.com/en/players/0d51aa96/Gustavo-Henrique;2025
Santos;712c528f;Vinicius Lira;https://fbref.com/en/players/c7771fd8/Vinicius-Lira;2025
São Paulo;5f232eb1;Rafael Pires;https://fbref.com/en/players/539f6761/Rafael-Pires;2025
São Paulo;5f232eb1;Alan Franco;https://fbref.com/en/players/a548281c/Alan-Franco;2025
São Paulo;5f232eb1;José Sabino;https://fbref.com/en/players/e1524457/Jose-Sabino;2025
São Paulo;5f232eb1;Luciano;https://fbref.com/en/players/24ce161c/Luciano;2025
São Paulo;5f232eb1;Marcos Antônio;https://fbref.com/en/players/108fe016/Marcos-Antonio;2025
São Paulo;5f232eb1;Damián Bobadilla;https://fbref.com/en/players/ad7d6437/Damian-Bobadilla;2025
São Paulo;5f232eb1;Robert Arboleda;https://fbref.com/en/players/269dbfc6/Robert-Arboleda;2025
São Paulo;5f232eb1;Cédric Soares;https://fbref.com/en/players/839c14e1/Cedric-Soares;2025
São Paulo;5f232eb1;Alisson;https://fbref.com/en/players/99139fa4/Alisson;2025
São Paulo;5f232eb1;Enzo Díaz;https://fbref.com/en/players/411d2dc0/Enzo-Diaz;2025
São Paulo;5f232eb1;Ferreira;https://fbref.com/en/players/1414e902/Ferreira;2025
São Paulo;5f232eb1;Nahuel Ferraresi;https://fbref.com/en/players/719aab45/Nahuel-Ferraresi;2025
São Paulo;5f232eb1;Pablo Maia;https://fbref.com/en/players/3a243771/Pablo-Maia;2025
São Paulo;5f232eb1;André Silva;https://fbref.com/en/players/dde93e2c/Andre-Silva;2025
São Paulo;5f232eb1;Gonzalo Tapia;https://fbref.com/en/players/cdbd6b8a/Gonzalo-Tapia;2025
São Paulo;5f232eb1;Wendell;https://fbref.com/en/players/f9acca3a/Wendell;2025
São Paulo;5f232eb1;Luiz Gustavo;https://fbref.com/en/players/82671804/Luiz-Gustavo;2025
São Paulo;5f232eb1;Lucas Ferreira;https://fbref.com/en/players/7025807f/Lucas-Ferreira;2025
São Paulo;5f232eb1;Rodrigo;https://fbref.com/en/players/1126f4e2/Rodrigo;2025
São Paulo;5f232eb1;Maik;https://fbref.com/en/players/f11cb3b7/Maik;2025
São Paulo;5f232eb1;Player;;2025
São Paulo;5f232eb1;Rafael Tolói;https://fbref.com/en/players/c56dc39e/Rafael-Toloi;2025
São Paulo;5f232eb1;Oscar;https://fbref.com/en/players/57fe98dd/Oscar;2025
São Paulo;5f232eb1;Lucas Moura;https://fbref.com/en/players/2b622f01/Lucas-Moura;2025
São Paulo;5f232eb1;Matheus Alves;https://fbref.com/en/players/177f810f/Matheus-Alves;2025
São Paulo;5f232eb1;Ruan;https://fbref.com/en/players/a378a02a/Ruan;2025
São Paulo;5f232eb1;Mailton dos Santos;https://fbref.com/en/players/d147e379/Mailton-dos-Santos;2025
São Paulo;5f232eb1;Patryck;https://fbref.com/en/players/8dcbd7af/Patryck;2025
São Paulo;5f232eb1;Young;https://fbref.com/en/players/be817fc6/Young;2025
São Paulo;5f232eb1;Juan Ignacio Dinenno;https://fbref.com/en/players/fc2c5692/Juan-Ignacio-Dinenno;2025
São Paulo;5f232eb1;Lucca Marques;https://fbref.com/en/players/1d6ffbb1/Lucca-Marques;2025
São Paulo;5f232eb1;Emiliano Rigoni;https://fbref.com/en/players/a1216563/Emiliano-Rigoni;2025
São Paulo;5f232eb1;Felipe Negrucci;https://fbref.com/en/players/784f2ef7/Felipe-Negrucci;2025
São Paulo;5f232eb1;Ryan Francisco;https://fbref.com/en/players/8059567a/Ryan-Francisco;2025
São Paulo;5f232eb1;Luan Silva;https://fbref.com/en/players/12a226cf/Luan-Silva;2025
São Paulo;5f232eb1;Igor Vinícius de Souza;https://fbref.com/en/players/ec95088d/Igor-Vinicius-de-Souza;2025
São Paulo;5f232eb1;Jonathan Calleri;https://fbref.com/en/players/6922f806/Jonathan-Calleri;2025
São Paulo;5f232eb1;Nicolas;https://fbref.com/en/players/3988393d/Nicolas;2025
São Paulo;5f232eb1;Henrique;https://fbref.com/en/players/333b79ce/Henrique;2025
São Paulo;5f232eb1;Pedrinho;https://fbref.com/en/players/10eb3647/Pedrinho;2025
São Paulo;5f232eb1;Paulo Sérgio;https://fbref.com/en/players/a99d316c/Paulo-Sergio;2025
São Paulo;5f232eb1;Igor;https://fbref.com/en/players/14a73fbf/Igor;2025
São Paulo;5f232eb1;Isac;https://fbref.com/en/players/ca27ce58/Isac;2025
São Paulo;5f232eb1;Jandrei;https://fbref.com/en/players/85ea4399/Jandrei;2025
São Paulo;5f232eb1;Leandro Mathias;https://fbref.com/en/players/9aa783c3/Leandro-Mathias;2025
São Paulo;5f232eb1;Felipe Preis;https://fbref.com/en/players/3a0d7429/Felipe-Preis;2025
Velo Clube;2d4d7b6a;Marcelo Rangel;https://fbref.com/en/players/c293dc73/Marcelo-Rangel;2025
Velo Clube;2d4d7b6a;Pedro Rocha Neves;https://fbref.com/en/players/b33e0095/Pedro-Rocha-Neves;2025
Velo Clube;2d4d7b6a;Willian Klaus;https://fbref.com/en/players/ddc86898/Willian-Klaus;2025
Velo Clube;2d4d7b6a;Caio Vinícius;https://fbref.com/en/players/8529df9f/Caio-Vinicius;2025
Velo Clube;2d4d7b6a;Reynaldo Cesar Moraes;https://fbref.com/en/players/589d070c/Reynaldo-Cesar-Moraes;2025
Velo Clube;2d4d7b6a;Savio;https://fbref.com/en/players/3e8c6e2c/Savio;2025
Velo Clube;2d4d7b6a;Marcelinho;https://fbref.com/en/players/1d5d9dfd/Marcelinho;2025
Velo Clube;2d4d7b6a;Jáderson;https://fbref.com/en/players/5ba6a4ff/Jaderson;2025
Velo Clube;2d4d7b6a;Pedro Castro;https://fbref.com/en/players/147edb42/Pedro-Castro;2025
Velo Clube;2d4d7b6a;Nicolás Ferreira;https://fbref.com/en/players/eaa5c295/Nicolas-Ferreira;2025
Velo Clube;2d4d7b6a;Janderson;https://fbref.com/en/players/06c5bcf7/Janderson;2025
Velo Clube;2d4d7b6a;Giovanni Pavani;https://fbref.com/en/players/f9954d5e/Giovanni-Pavani;2025
Velo Clube;2d4d7b6a;Kayky Almeida;https://fbref.com/en/players/4a8d8800/Kayky-Almeida;2025
Velo Clube;2d4d7b6a;Nathan;https://fbref.com/en/players/9fb6420e/Nathan;2025
Velo Clube;2d4d7b6a;Luan Martins;https://fbref.com/en/players/e46b3917/Luan-Martins;2025
Velo Clube;2d4d7b6a;Marrony;https://fbref.com/en/players/1dff86ec/Marrony;2025
Velo Clube;2d4d7b6a;Diego Hernández;https://fbref.com/en/players/279cc0e8/Diego-Hernandez;2025
Velo Clube;2d4d7b6a;Alan Rodríguez;https://fbref.com/en/players/fd25e4d7/Alan-Rodriguez;2025
Velo Clube;2d4d7b6a;Camutanga;https://fbref.com/en/players/c455a045/Camutanga;2025
Velo Clube;2d4d7b6a;Adaílton;https://fbref.com/en/players/e90f5c7c/Adailton;2025
Velo Clube;2d4d7b6a;Player;;2025
Velo Clube;2d4d7b6a;Matheus Davó;https://fbref.com/en/players/e48e1310/Matheus-Davo;2025
Velo Clube;2d4d7b6a;Panagiotis Tachtsidis;https://fbref.com/en/players/e26bd2f4/Panagiotis-Tachtsidis;2025
Velo Clube;2d4d7b6a;João Pedro Sousa Silva;https://fbref.com/en/players/0629941f/Joao-Pedro-Sousa-Silva;2025
Velo Clube;2d4d7b6a;Felipe Vizeu;https://fbref.com/en/players/0412b9cd/Felipe-Vizeu;2025
Velo Clube;2d4d7b6a;Nathan Camargo;https://fbref.com/en/players/2c79da44/Nathan-Camargo;2025
Velo Clube;2d4d7b6a;Jorge;https://fbref.com/en/players/13c44fc5/Jorge;2025
Velo Clube;2d4d7b6a;Víctor Cantillo;https://fbref.com/en/players/45075f2f/Victor-Cantillo;2025
Velo Clube;2d4d7b6a;Pedro Costa;https://fbref.com/en/players/1333f5bd/Pedro-Costa;2025
Velo Clube;2d4d7b6a;Iván Alvariño;https://fbref.com/en/players/b63138fa/Ivan-Alvarino;2025
Velo Clube;2d4d7b6a;Nathan;https://fbref.com/en/players/fa00f0c9/Nathan;2025
Velo Clube;2d4d7b6a;Eduardo Melo;https://fbref.com/en/players/5308c8ed/Eduardo-Melo;2025
Velo Clube;2d4d7b6a;Cristian González;https://fbref.com/en/players/dba66719/Cristian-Gonzalez;2025
Velo Clube;2d4d7b6a;Régis;https://fbref.com/en/players/0e2331f3/Regis;2025
Velo Clube;2d4d7b6a;Kadu;https://fbref.com/en/players/b8e80d8e/Kadu;2025
Velo Clube;2d4d7b6a;Dodô;https://fbref.com/en/players/af7fd224/Dodo;2025
Velo Clube;2d4d7b6a;Leonardo;https://fbref.com/en/players/246cfafe/Leonardo;2025
Velo Clube;2d4d7b6a;Maxwell;https://fbref.com/en/players/e5fb5011/Maxwell;2025
Velo Clube;2d4d7b6a;Freitas;https://fbref.com/en/players/559746d1/Freitas;2025
Velo Clube;2d4d7b6a;Ytalo;https://fbref.com/en/players/423e3d0b/Ytalo;2025
Velo Clube;2d4d7b6a;Daniel Cabral;https://fbref.com/en/players/c080bb5e/Daniel-Cabral;2025
Velo Clube;2d4d7b6a;Player;;2025
Velo Clube;2d4d7b6a;Ygor Vinhas;https://fbref.com/en/players/1f3c2a77/Ygor-Vinhas;2025
Velo Clube;2d4d7b6a;Madison;https://fbref.com/en/players/883581c3/Madison;2025
Velo Clube;2d4d7b6a;Rafael Castro;https://fbref.com/en/players/af5ecebb/Rafael-Castro;2025
Velo Clube;2d4d7b6a;Darilson;https://fbref.com/en/players/a9e3f7a6/Darilson;2025
Velo Clube;2d4d7b6a;Gabryel Martins;https://fbref.com/en/players/e7fb578a/Gabryel-Martins;2025
Velo Clube;2d4d7b6a;Kawan;https://fbref.com/en/players/4a9c73c8/Kawan;2025
Velo Clube;2d4d7b6a;Yago Ferreira;https://fbref.com/en/players/f1c875c0/Yago-Ferreira;2025
Velo Clube;2d4d7b6a;Tom Fielding;https://fbref.com/en/players/155d525b/Tom-Fielding;2025
Velo Clube;2d4d7b6a;Guty;https://fbref.com/en/players/f729bdd2/Guty;2025
Velo Clube;2d4d7b6a;João Victor;https://fbref.com/en/players/39b3bf86/Joao-Victor;2025
Athletico Paranaense;2091c619;Bruno Zapelli;https://fbref.com/en/players/a70af595/Bruno-Zapelli;2025
Athletico Paranaense;2091c619;Felipinho;https://fbref.com/en/players/b31af3a6/Felipinho;2025
Athletico Paranaense;2091c619;Léo Pelé;https://fbref.com/en/players/77980eb9/Leo-Pele;2025
Athletico Paranaense;2091c619;Patrick;https://fbref.com/en/players/92add14e/Patrick;2025
Athletico Paranaense;2091c619;Luiz Fernando;https://fbref.com/en/players/824ed016/Luiz-Fernando;2025
Athletico Paranaense;2091c619;Santos;https://fbref.com/en/players/b8d0b69c/Santos;2025
Athletico Paranaense;2091c619;Lucas Esquivel;https://fbref.com/en/players/404169c2/Lucas-Esquivel;2025
Athletico Paranaense;2091c619;Kevin Viveros;https://fbref.com/en/players/f40b94ba/Kevin-Viveros;2025
Athletico Paranaense;2091c619;Gastón Benavídez;https://fbref.com/en/players/adc19df2/Gaston-Benavidez;2025
Athletico Paranaense;2091c619;Mycael;https://fbref.com/en/players/c02aa247/Mycael;2025
Athletico Paranaense;2091c619;Stiven Mendoza;https://fbref.com/en/players/e68f2cb4/Stiven-Mendoza;2025
Athletico Paranaense;2091c619;Arthur Dias;https://fbref.com/en/players/60a6d677/Arthur-Dias;2025
Athletico Paranaense;2091c619;Habraão;https://fbref.com/en/players/1e329d13/Habraao;2025
Athletico Paranaense;2091c619;Alan Kardec;https://fbref.com/en/players/e7fba767/Alan-Kardec;2025
Athletico Paranaense;2091c619;Juan Felipe Aguirre;https://fbref.com/en/players/72898527/Juan-Felipe-Aguirre;2025
Athletico Paranaense;2091c619;Kauã Moraes;https://fbref.com/en/players/936f721d/Kaua-Moraes;2025
Athletico Paranaense;2091c619;Lucas Belezi;https://fbref.com/en/players/1e4932f6/Lucas-Belezi;2025
Athletico Paranaense;2091c619;Leonardo Derik;https://fbref.com/en/players/23bc4ec7/Leonardo-Derik;2025
Athletico Paranaense;2091c619;Raul;https://fbref.com/en/players/c2f9cf65/Raul;2025
Athletico Paranaense;2091c619;Carlos Terán;https://fbref.com/en/players/324509e2/Carlos-Teran;2025
Athletico Paranaense;2091c619;Player;;2025
Athletico Paranaense;2091c619;Dudu;https://fbref.com/en/players/630a919d/Dudu;2025
Athletico Paranaense;2091c619;Leozinho;https://fbref.com/en/players/0ca96dcb/Leozinho;2025
Athletico Paranaense;2091c619;Julimar;https://fbref.com/en/players/5fca1c6c/Julimar;2025
Athletico Paranaense;2091c619;Giuliano de Paula;https://fbref.com/en/players/ab1b205d/Giuliano-de-Paula;2025
Athletico Paranaense;2091c619;Falcão;https://fbref.com/en/players/12a15513/Falcao;2025
Athletico Paranaense;2091c619;Renan;https://fbref.com/en/players/8a24d403/Renan;2025
Athletico Paranaense;2091c619;Fernando;https://fbref.com/en/players/8b34d126/Fernando;2025
Athletico Paranaense;2091c619;Hayen Palacios;https://fbref.com/en/players/9e880595/Hayen-Palacios;2025
Athletico Paranaense;2091c619;João Cruz;https://fbref.com/en/players/6e3b3445/Joao-Cruz;2025
Athletico Paranaense;2091c619;Tevis Gabriel;https://fbref.com/en/players/4d719b6e/Tevis-Gabriel;2025
Athletico Paranaense;2091c619;Kevin Velasco;https://fbref.com/en/players/77991675/Kevin-Velasco;2025
Athletico Paranaense;2091c619;Isaac;https://fbref.com/en/players/e43ddd61/Isaac;2025
Athletico Paranaense;2091c619;Tobias Figueiredo;https://fbref.com/en/players/352cabbc/Tobias-Figueiredo;2025
Athletico Paranaense;2091c619;Diogo Riquelme;https://fbref.com/en/players/4c347e95/Diogo-Riquelme;2025
Athletico Paranaense;2091c619;Mádson;https://fbref.com/en/players/766094be/Madson;2025
Athletico Paranaense;2091c619;Marcos André;https://fbref.com/en/players/133ef8d6/Marcos-Andre;2025
Athletico Paranaense;2091c619;Carlos Eduardo;https://fbref.com/en/players/284cddc3/Carlos-Eduardo;2025
Athletico Paranaense;2091c619;Fabrizio Peralta;https://fbref.com/en/players/ce52508a/Fabrizio-Peralta;2025
Athletico Paranaense;2091c619;Renan;https://fbref.com/en/players/d806a2cb/Renan;2025
Athletico Paranaense;2091c619;Elan Ricardo;https://fbref.com/en/players/e848e971/Elan-Ricardo;2025
Athletico Paranaense;2091c619;Kayke Santos;https://fbref.com/en/players/c1eae3b5/Kayke-Santos;2025
Athletico Paranaense;2091c619;Luis Eduardo Marques dos Santos;https://fbref.com/en/players/5c5a0d4d/Luis-Eduardo-Marques-dos-Santos;2025
Athletico Paranaense;2091c619;Matheus Soares;https://fbref.com/en/players/7c158482/Matheus-Soares;2025
Athletico Paranaense;2091c619;Victor Teodoro;https://fbref.com/en/players/49339c1d/Victor-Teodoro;2025
Coritiba;d680d257;Sebastián Gómez;https://fbref.com/en/players/233de573/Sebastian-Gomez;2025
Coritiba;d680d257;Josué Pesqueira;https://fbref.com/en/players/c08fc464/Josue-Pesqueira;2025
Coritiba;d680d257;Pedro Morisco;https://fbref.com/en/players/e5c4ba1f/Pedro-Morisco;2025
Coritiba;d680d257;Maicon;https://fbref.com/en/players/2a8683b9/Maicon;2025
Coritiba;d680d257;Zeca;https://fbref.com/en/players/c816eea6/Zeca;2025
Coritiba;d680d257;Lucas Ronier;https://fbref.com/en/players/d831b6f1/Lucas-Ronier;2025
Coritiba;d680d257;Jacy;https://fbref.com/en/players/f6b46b90/Jacy;2025
Coritiba;d680d257;Bruno Melo;https://fbref.com/en/players/41ee21ae/Bruno-Melo;2025
Coritiba;d680d257;Machado;https://fbref.com/en/players/f9846c93/Machado;2025
Coritiba;d680d257;Alex Silva;https://fbref.com/en/players/a94b7cf5/Alex-Silva;2025
Coritiba;d680d257;Gustavo Coutinho;https://fbref.com/en/players/bdff2971/Gustavo-Coutinho;2025
Coritiba;d680d257;Iury de Castilho;https://fbref.com/en/players/555311f2/Iury-de-Castilho;2025
Coritiba;d680d257;Wallisson Luiz;https://fbref.com/en/players/8b35dc4b/Wallisson-Luiz;2025
Coritiba;d680d257;Dellatorre;https://fbref.com/en/players/ae6af1e2/Dellatorre;2025
Coritiba;d680d257;Clayson;https://fbref.com/en/players/85c1009d/Clayson;2025
Coritiba;d680d257;Vini Paulista;https://fbref.com/en/players/b9e9b272/Vini-Paulista;2025
Coritiba;d680d257;Guilherme Aquino;https://fbref.com/en/players/d80b4c95/Guilherme-Aquino;2025
Coritiba;d680d257;Pedro Rangel;https://fbref.com/en/players/06dc2861/Pedro-Rangel;2025
Coritiba;d680d257;João Almeida;https://fbref.com/en/players/5114171f/Joao-Almeida;2025
Coritiba;d680d257;Nicolas Careca;https://fbref.com/en/players/479ccb18/Nicolas-Careca;2025
Coritiba;d680d257;Player;;2025
Coritiba;d680d257;Tiago Coser;https://fbref.com/en/players/7afb90a6/Tiago-Coser;2025
Coritiba;d680d257;Carlos de Pena;https://fbref.com/en/players/6b915aa1/Carlos-de-Pena;2025
Coritiba;d680d257;Rodrigo Rodrigues;https://fbref.com/en/players/43dc0abc/Rodrigo-Rodrigues;2025
Coritiba;d680d257;Geovane;https://fbref.com/en/players/46cdeafc/Geovane;2025
Coritiba;d680d257;Ruan Lucas;https://fbref.com/en/players/df513353/Ruan-Lucas;2025
Coritiba;d680d257;Rodrigo Moledo;https://fbref.com/en/players/ce536c37/Rodrigo-Moledo;2025
Coritiba;d680d257;Geovane Meurer;https://fbref.com/en/players/2f224d23/Geovane-Meurer;2025
Coritiba;d680d257;Everaldo;https://fbref.com/en/players/bdb57777/Everaldo;2025
Coritiba;d680d257;Júnior Brumado;https://fbref.com/en/players/bccc1bb4/Junior-Brumado;2025
Coritiba;d680d257;Felipe Guimarães;https://fbref.com/en/players/7f5de1c6/Felipe-Guimaraes;2025
Coritiba;d680d257;Gabriel Leite;https://fbref.com/en/players/5d4b2d9c/Gabriel-Leite;2025
Coritiba;d680d257;Benassi;https://fbref.com/en/players/e67af616/Benassi;2025
Coritiba;d680d257;Matías Fracchia;https://fbref.com/en/players/38204239/Matias-Fracchia;2025
Coritiba;d680d257;Jean Gabriel;https://fbref.com/en/players/006f9df8/Jean-Gabriel;2025
Coritiba;d680d257;Caio Matheus;https://fbref.com/en/players/51aa0119/Caio-Matheus;2025
Coritiba;d680d257;Lucas Taverna;https://fbref.com/en/players/6368347a/Lucas-Taverna;2025
Operario Ferroviario;d2dc922e;Gabriel Boschilia;https://fbref.com/en/players/e90af77c/Gabriel-Boschilia;2025
Operario Ferroviario;d2dc922e;Elias Martello Curzel;https://fbref.com/en/players/1b3a9910/Elias-Martello-Curzel;2025
Operario Ferroviario;d2dc922e;Juan Pablo Zuluaga;https://fbref.com/en/players/12d9e631/Juan-Pablo-Zuluaga;2025
Operario Ferroviario;d2dc922e;Neto Paraíba;https://fbref.com/en/players/513a2ec7/Neto-Paraiba;2025
Operario Ferroviario;d2dc922e;Rodrigo Antonio Rodrigues;https://fbref.com/en/players/bb18661c/Rodrigo-Antonio-Rodrigues;2025
Operario Ferroviario;d2dc922e;Miranda;https://fbref.com/en/players/83300aa7/Miranda;2025
Operario Ferroviario;d2dc922e;Bruno Reis Índio;https://fbref.com/en/players/cd905d4a/Bruno-Reis-Indio;2025
Operario Ferroviario;d2dc922e;Cristiano da Silva Leite;https://fbref.com/en/players/2567b7b6/Cristiano-da-Silva-Leite;2025
Operario Ferroviario;d2dc922e;Joseph;https://fbref.com/en/players/343ab3e8/Joseph;2025
Operario Ferroviario;d2dc922e;Diogo Mateus;https://fbref.com/en/players/5820997b/Diogo-Mateus;2025
Operario Ferroviario;d2dc922e;Gabriel Feliciano;https://fbref.com/en/players/6a26aec2/Gabriel-Feliciano;2025
Operario Ferroviario;d2dc922e;Vinicius Mingotti;https://fbref.com/en/players/2e0ed651/Vinicius-Mingotti;2025
Operario Ferroviario;d2dc922e;Daniel Amorim;https://fbref.com/en/players/79c07a82/Daniel-Amorim;2025
Operario Ferroviario;d2dc922e;Jaime Giraldo;https://fbref.com/en/players/50bf4076/Jaime-Giraldo;2025
Operario Ferroviario;d2dc922e;Allano;https://fbref.com/en/players/9c1245f8/Allano;2025
Operario Ferroviario;d2dc922e;Gabriel Souza;https://fbref.com/en/players/8ccabede/Gabriel-Souza;2025
Operario Ferroviario;d2dc922e;Allan Godói;https://fbref.com/en/players/f1568759/Allan-Godoi;2025
Operario Ferroviario;d2dc922e;Ademilson;https://fbref.com/en/players/bda3c3a3/Ademilson;2025
Operario Ferroviario;d2dc922e;Fransérgio;https://fbref.com/en/players/deba6b05/Fransergio;2025
Operario Ferroviario;d2dc922e;Léo Gaúcho;https://fbref.com/en/players/00acfc5b/Leo-Gaucho;2025
Operario Ferroviario;d2dc922e;Player;;2025
Operario Ferroviario;d2dc922e;Thales Oleques;https://fbref.com/en/players/a30f8286/Thales-Oleques;2025
Operario Ferroviario;d2dc922e;Marcos Paulo;https://fbref.com/en/players/d70a5433/Marcos-Paulo;2025
Operario Ferroviario;d2dc922e;Pedro Vilhena;https://fbref.com/en/players/15692fb2/Pedro-Vilhena;2025
Operario Ferroviario;d2dc922e;André;https://fbref.com/en/players/811f3cba/Andre;2025
Operario Ferroviario;d2dc922e;Thiaguinho;https://fbref.com/en/players/ad967d57/Thiaguinho;2025
Operario Ferroviario;d2dc922e;Vagner da Silva;https://fbref.com/en/players/38d14822/Vagner-da-Silva;2025
Operario Ferroviario;d2dc922e;Jacy;https://fbref.com/en/players/f6b46b90/Jacy;2025
Operario Ferroviario;d2dc922e;Pedro Lucas;https://fbref.com/en/players/c250d405/Pedro-Lucas;2025
Operario Ferroviario;d2dc922e;Nilson;https://fbref.com/en/players/1212ccb5/Nilson;2025
Operario Ferroviario;d2dc922e;Kleiton;https://fbref.com/en/players/4e7dec11/Kleiton;2025
Operario Ferroviario;d2dc922e;Jefferson;https://fbref.com/en/players/9df5f945/Jefferson;2025
Operario Ferroviario;d2dc922e;Pernambuco;https://fbref.com/en/players/ec61b68f/Pernambuco;2025
Operario Ferroviario;d2dc922e;Brenno Pereira;https://fbref.com/en/players/28867060/Brenno-Pereira;2025
Operario Ferroviario;d2dc922e;Kauã;https://fbref.com/en/players/e96f392e/Kaua;2025
Operario Ferroviario;d2dc922e;Léo Silva;https://fbref.com/en/players/0405f7a6/Leo-Silva;2025
Operario Ferroviario;d2dc922e;Charles Almeida;https://fbref.com/en/players/b6374c0b/Charles-Almeida;2025
Operario Ferroviario;d2dc922e;Ryan Santos;https://fbref.com/en/players/12ca3429/Ryan-Santos;2025
Operario Ferroviario;d2dc922e;Bernardo Rodrigues;https://fbref.com/en/players/c5e18151/Bernardo-Rodrigues;2025
Operario Ferroviario;d2dc922e;Talles;https://fbref.com/en/players/a0fced11/Talles;2025
Operario Ferroviario;d2dc922e;João Rodrigues;https://fbref.com/en/players/a1e686aa/Joao-Rodrigues;2025
Operario Ferroviario;d2dc922e;Player;;2025
Operario Ferroviario;d2dc922e;Léo Cittadini;https://fbref.com/en/players/68410185/Leo-Cittadini;2025
Operario Ferroviario;d2dc922e;Jhemerson;https://fbref.com/en/players/527a8a79/Jhemerson;2025
Operario Ferroviario;d2dc922e;Ronald;https://fbref.com/en/players/011b80ca/Ronald;2025
Operario Ferroviario;d2dc922e;Matheus Carvalho;https://fbref.com/en/players/d3d4a405/Matheus-Carvalho;2025
Operario Ferroviario;d2dc922e;Matheus Galdino;https://fbref.com/en/players/57c593dc/Matheus-Galdino;2025
Operario Ferroviario;d2dc922e;Thiago Medeiros;https://fbref.com/en/players/edf8c9ef/Thiago-Medeiros;2025
Operario Ferroviario;d2dc922e;Jean Lucas;https://fbref.com/en/players/68f00be2/Jean-Lucas;2025
Operario Ferroviario;d2dc922e;Dudu Mosconi;https://fbref.com/en/players/c9c9c4ea/Dudu-Mosconi;2025
Operario Ferroviario;d2dc922e;Gabriel Cardozo;https://fbref.com/en/players/244d7d75/Gabriel-Cardozo;2025
Operario Ferroviario;d2dc922e;Filipe Claudino;https://fbref.com/en/players/5ddd3b7a/Filipe-Claudino;2025
Operario Ferroviario;d2dc922e;Márcio Adriano;https://fbref.com/en/players/ccfa3abb/Marcio-Adriano;2025
Operario Ferroviario;d2dc922e;Léo Borges;https://fbref.com/en/players/a7393746/Leo-Borges;2025
Operario Ferroviario;d2dc922e;Guilherme;https://fbref.com/en/players/d084371c/Guilherme;2025
Operario Ferroviario;d2dc922e;Renan Gustavo;https://fbref.com/en/players/e37b74fc/Renan-Gustavo;2025
Operario Ferroviario;d2dc922e;Henrique;https://fbref.com/en/players/6b443924/Henrique;2025
Operario Ferroviario;d2dc922e;Zé Pagliarini;https://fbref.com/en/players/14870396/Ze-Pagliarini;2025
Operario Ferroviario;d2dc922e;Lucas Wingert;https://fbref.com/en/players/3cd4e55b/Lucas-Wingert;2025
Internacional;6f7e1f03;Vitão;https://fbref.com/en/players/d4f034db/Vitao;2025
Internacional;6f7e1f03;Alan Patrick;https://fbref.com/en/players/00672021/Alan-Patrick;2025
Internacional;6f7e1f03;Alexandro Bernabei;https://fbref.com/en/players/67b09a18/Alexandro-Bernabei;2025
Internacional;6f7e1f03;Braian Aguirre;https://fbref.com/en/players/74b396d8/Braian-Aguirre;2025
Internacional;6f7e1f03;Thiago Maia;https://fbref.com/en/players/91e58f66/Thiago-Maia;2025
Internacional;6f7e1f03;Rafael Borré;https://fbref.com/en/players/c68da769/Rafael-Borre;2025
Internacional;6f7e1f03;Vitinho;https://fbref.com/en/players/06d4b2e4/Vitinho;2025
Internacional;6f7e1f03;Bruno Henrique;https://fbref.com/en/players/5a43b021/Bruno-Henrique;2025
Internacional;6f7e1f03;Juninho;https://fbref.com/en/players/72c01cfb/Juninho;2025
Internacional;6f7e1f03;Anthoni;https://fbref.com/en/players/a0b17b31/Anthoni;2025
Internacional;6f7e1f03;Wesley;https://fbref.com/en/players/434de3a3/Wesley;2025
Internacional;6f7e1f03;Johan Carbonero;https://fbref.com/en/players/9eca9710/Johan-Carbonero;2025
Internacional;6f7e1f03;Sergio Rochet;https://fbref.com/en/players/81b99b9e/Sergio-Rochet;2025
Internacional;6f7e1f03;Gabriel Mercado;https://fbref.com/en/players/bf97c188/Gabriel-Mercado;2025
Internacional;6f7e1f03;Victor Gabriel;https://fbref.com/en/players/d1c8df97/Victor-Gabriel;2025
Internacional;6f7e1f03;Bruno Tabata;https://fbref.com/en/players/33fdf90d/Bruno-Tabata;2025
Internacional;6f7e1f03;Bruno Gomes;https://fbref.com/en/players/76f2bbf8/Bruno-Gomes;2025
Internacional;6f7e1f03;Alan Rodríguez;https://fbref.com/en/players/fcd24b4b/Alan-Rodriguez;2025
Internacional;6f7e1f03;Clayton;https://fbref.com/en/players/30afd787/Clayton;2025
Internacional;6f7e1f03;Ricardo Mathias;https://fbref.com/en/players/cebd5c05/Ricardo-Mathias;2025
Internacional;6f7e1f03;Player;;2025
Internacional;6f7e1f03;Luis Otávio;https://fbref.com/en/players/1ffa6688/Luis-Otavio;2025
Internacional;6f7e1f03;Enner Valencia;https://fbref.com/en/players/fb485406/Enner-Valencia;2025
Internacional;6f7e1f03;Ivan;https://fbref.com/en/players/43895807/Ivan;2025
Internacional;6f7e1f03;Ronaldo;https://fbref.com/en/players/8a3b002a/Ronaldo;2025
Internacional;6f7e1f03;Fernando;https://fbref.com/en/players/41f32541/Fernando;2025
Internacional;6f7e1f03;Alan Benítez;https://fbref.com/en/players/5c7c798b/Alan-Benitez;2025
Internacional;6f7e1f03;Óscar Romero;https://fbref.com/en/players/4bc5f2b4/Oscar-Romero;2025
Internacional;6f7e1f03;Agustín Rogel;https://fbref.com/en/players/ea42c03f/Agustin-Rogel;2025
Internacional;6f7e1f03;Ramon;https://fbref.com/en/players/fdf88bc0/Ramon;2025
Internacional;6f7e1f03;Gustavo Prado;https://fbref.com/en/players/511bad81/Gustavo-Prado;2025
Internacional;6f7e1f03;Richard;https://fbref.com/en/players/e90aa5da/Richard;2025
Internacional;6f7e1f03;Diego Rosa;https://fbref.com/en/players/c66a2173/Diego-Rosa;2025
Internacional;6f7e1f03;Lucca Holanda Sampaio Tavares;https://fbref.com/en/players/c3604b27/Lucca-Holanda-Sampaio-Tavares;2025
Internacional;6f7e1f03;Nathan;https://fbref.com/en/players/9fb6420e/Nathan;2025
Internacional;6f7e1f03;Raykkonen;https://fbref.com/en/players/3114f93a/Raykkonen;2025
Internacional;6f7e1f03;Yago;https://fbref.com/en/players/2406d8a9/Yago;2025
Internacional;6f7e1f03;Gabriel Carvalho;https://fbref.com/en/players/0f335ab2/Gabriel-Carvalho;2025
Internacional;6f7e1f03;Alisson Rodrigues;https://fbref.com/en/players/8434bef6/Alisson-Rodrigues;2025
Internacional;6f7e1f03;Pablo;https://fbref.com/en/players/3933b8fc/Pablo;2025
Internacional;6f7e1f03;Allex;https://fbref.com/en/players/8a8200ca/Allex;2025
Internacional;6f7e1f03;Player;;2025
Internacional;6f7e1f03;Benjamin Arhin;https://fbref.com/en/players/47de2b05/Benjamin-Arhin;2025
Internacional;6f7e1f03;Diego Esser;https://fbref.com/en/players/b664789f/Diego-Esser;2025
Internacional;6f7e1f03;Yan Henrique;https://fbref.com/en/players/60443727/Yan-Henrique;2025
Internacional;6f7e1f03;Bernardo Jacob;https://fbref.com/en/players/3bca05e9/Bernardo-Jacob;2025
Internacional;6f7e1f03;Pedro Kauã;https://fbref.com/en/players/8ce31838/Pedro-Kaua;2025
Internacional;6f7e1f03;Kauan;https://fbref.com/en/players/394b99c4/Kauan;2025
Internacional;6f7e1f03;Kaique Rocha;https://fbref.com/en/players/b31d385e/Kaique-Rocha;2025
Juventude;d081b697;Jadson;https://fbref.com/en/players/05748af4/Jadson;2025
Juventude;d081b697;Luis Mandaca;https://fbref.com/en/players/e5d0ea65/Luis-Mandaca;2025
Juventude;d081b697;Gabriel Taliari;https://fbref.com/en/players/75a16442/Gabriel-Taliari;2025
Juventude;d081b697;Caíque de Jesus Gonçalves;https://fbref.com/en/players/e075d03e/Caique-de-Jesus-Goncalves;2025
Juventude;d081b697;Marcelo Hermes;https://fbref.com/en/players/89346085/Marcelo-Hermes;2025
Juventude;d081b697;Jandrei;https://fbref.com/en/players/85ea4399/Jandrei;2025
Juventude;d081b697;Enmerson Batalla;https://fbref.com/en/players/2ca7201b/Enmerson-Batalla;2025
Juventude;d081b697;Rodrigo Sam;https://fbref.com/en/players/06c06e58/Rodrigo-Sam;2025
Juventude;d081b697;Wilker Ángel;https://fbref.com/en/players/1155a7ba/Wilker-Angel;2025
Juventude;d081b697;Marcos Paulo;https://fbref.com/en/players/4dd6bb79/Marcos-Paulo;2025
Juventude;d081b697;Igor Marques;https://fbref.com/en/players/8b364abd/Igor-Marques;2025
Juventude;d081b697;Gilberto;https://fbref.com/en/players/5da22685/Gilberto;2025
Juventude;d081b697;Alan Ruschel;https://fbref.com/en/players/09aeb402/Alan-Ruschel;2025
Juventude;d081b697;Reginaldo;https://fbref.com/en/players/b018b2b6/Reginaldo;2025
Juventude;d081b697;Abner;https://fbref.com/en/players/6c0ef11c/Abner;2025
Juventude;d081b697;Ewerton;https://fbref.com/en/players/c41aca39/Ewerton;2025
Juventude;d081b697;Luan Freitas;https://fbref.com/en/players/b2dfa423/Luan-Freitas;2025
Juventude;d081b697;Nenê;https://fbref.com/en/players/265ebd37/Nene;2025
Juventude;d081b697;Gustavo;https://fbref.com/en/players/f764f16e/Gustavo;2025
Juventude;d081b697;Rafael Bilu;https://fbref.com/en/players/26880429/Rafael-Bilu;2025
Juventude;d081b697;Player;;2025
Juventude;d081b697;Ênio;https://fbref.com/en/players/661b892f/Enio;2025
Juventude;d081b697;Peixoto;https://fbref.com/en/players/9d060c89/Peixoto;2025
Juventude;d081b697;Daniel Giraldo;https://fbref.com/en/players/ed8489d1/Daniel-Giraldo;2025
Juventude;d081b697;Gabriel Veron;https://fbref.com/en/players/6bc49da7/Gabriel-Veron;2025
Juventude;d081b697;Giovanny;https://fbref.com/en/players/ed236e87/Giovanny;2025
Juventude;d081b697;Marcão;https://fbref.com/en/players/9a6cb3a8/Marcao;2025
Juventude;d081b697;Adriano Martins;https://fbref.com/en/players/35ba6188/Adriano-Martins;2025
Juventude;d081b697;Lucas Fernandes;https://fbref.com/en/players/a109d777/Lucas-Fernandes;2025
Juventude;d081b697;Ruan Carneiro;https://fbref.com/en/players/8c3efb53/Ruan-Carneiro;2025
Juventude;d081b697;André Filipinho;https://fbref.com/en/players/398048a4/Andre-Filipinho;2025
Juventude;d081b697;Hudson;https://fbref.com/en/players/7cada45b/Hudson;2025
Juventude;d081b697;Cipriano;https://fbref.com/en/players/f1a1c9e2/Cipriano;2025
Juventude;d081b697;Matheus Babi;https://fbref.com/en/players/f48cff2c/Matheus-Babi;2025
Juventude;d081b697;Juan Sforza;https://fbref.com/en/players/ff112582/Juan-Sforza;2025
Juventude;d081b697;Jean Carlos Vicente;https://fbref.com/en/players/db4b7637/Jean-Carlos-Vicente;2025
Juventude;d081b697;Nata;https://fbref.com/en/players/b9ae93ab/Nata;2025
Juventude;d081b697;Petterson;https://fbref.com/en/players/9943597e/Petterson;2025
Juventude;d081b697;Davi Goes;https://fbref.com/en/players/6f2422bf/Davi-Goes;2025
Juventude;d081b697;Bernardo;https://fbref.com/en/players/dcd5858f/Bernardo;2025
Juventude;d081b697;Edison Negueba;https://fbref.com/en/players/ab23371b/Edison-Negueba;2025
Juventude;d081b697;Player;;2025
Juventude;d081b697;Maurício Garcez;https://fbref.com/en/players/1c060dbf/Mauricio-Garcez;2025
Juventude;d081b697;Pernambuco;https://fbref.com/en/players/ec61b68f/Pernambuco;2025
Juventude;d081b697;Emerson Galego;https://fbref.com/en/players/cfd67995/Emerson-Galego;2025
Juventude;d081b697;João Scatolin;https://fbref.com/en/players/68818eca/Joao-Scatolin;2025
Juventude;d081b697;Marlon;https://fbref.com/en/players/026c9d63/Marlon;2025
Juventude;d081b697;Gastón Guruceaga;https://fbref.com/en/players/d0a21ac1/Gaston-Guruceaga;2025
Juventude;d081b697;Zé Henrique;https://fbref.com/en/players/6ad1d69d/Ze-Henrique;2025
Juventude;d081b697;Kelvi;https://fbref.com/en/players/33143d85/Kelvi;2025
Juventude;d081b697;Rafael Pinna;https://fbref.com/en/players/bebbf2a9/Rafael-Pinna;2025
Juventude;d081b697;Gabriel Souza;https://fbref.com/en/players/8ccabede/Gabriel-Souza;2025
America-MG;1f68d780;Lucão;https://fbref.com/en/players/1a0c95bb/Lucao;2025
America-MG;1f68d780;Willian;https://fbref.com/en/players/1f85d0c8/Willian;2025
America-MG;1f68d780;Ricardo Silva;https://fbref.com/en/players/a5075276/Ricardo-Silva;2025
America-MG;1f68d780;Júlio César;https://fbref.com/en/players/f3585cf6/Julio-Cesar;2025
America-MG;1f68d780;Paulinho;https://fbref.com/en/players/47e63f35/Paulinho;2025
America-MG;1f68d780;Miguel Terceros;https://fbref.com/en/players/d66ed604/Miguel-Terceros;2025
America-MG;1f68d780;Miqueias;https://fbref.com/en/players/090cbc70/Miqueias;2025
America-MG;1f68d780;Figueiredo;https://fbref.com/en/players/2fe3a075/Figueiredo;2025
America-MG;1f68d780;Kauã Diniz Rocha;https://fbref.com/en/players/99f32a4e/Kaua-Diniz-Rocha;2025
America-MG;1f68d780;Matheus Mendes;https://fbref.com/en/players/d0d01f62/Matheus-Mendes;2025
America-MG;1f68d780;Amaral;https://fbref.com/en/players/1c11793d/Amaral;2025
America-MG;1f68d780;Marlon;https://fbref.com/en/players/a87b508e/Marlon;2025
America-MG;1f68d780;Mariano;https://fbref.com/en/players/e26f559f/Mariano;2025
America-MG;1f68d780;Stênio Toledo;https://fbref.com/en/players/286defdd/Stenio-Toledo;2025
America-MG;1f68d780;Cauan Barros;https://fbref.com/en/players/6ae4627b/Cauan-Barros;2025
America-MG;1f68d780;Gustavo;https://fbref.com/en/players/f764f16e/Gustavo;2025
America-MG;1f68d780;Fernando Elizari;https://fbref.com/en/players/4e0dae8d/Fernando-Elizari;2025
America-MG;1f68d780;Yago Souza;https://fbref.com/en/players/f0f2a7c9/Yago-Souza;2025
America-MG;1f68d780;Arthur;https://fbref.com/en/players/e93fed32/Arthur;2025
America-MG;1f68d780;Fabinho;https://fbref.com/en/players/7ea8af29/Fabinho;2025
America-MG;1f68d780;Player;;2025
America-MG;1f68d780;Emerson Santos;https://fbref.com/en/players/c3f98d3c/Emerson-Santos;2025
America-MG;1f68d780;Maguinho;https://fbref.com/en/players/d1c855c5/Maguinho;2025
America-MG;1f68d780;Christian Ortiz;https://fbref.com/en/players/bd8ddbd6/Christian-Ortiz;2025
America-MG;1f68d780;Thauan Willians;https://fbref.com/en/players/8c2907ce/Thauan-Willians;2025
America-MG;1f68d780;Rafael Silva;https://fbref.com/en/players/4886890e/Rafael-Silva;2025
America-MG;1f68d780;Cássio;https://fbref.com/en/players/cbb48fd9/Cassio;2025
America-MG;1f68d780;Dalberson;https://fbref.com/en/players/f9a8ed14/Dalberson;2025
America-MG;1f68d780;Facundo Labandeira;https://fbref.com/en/players/6f8c53c1/Facundo-Labandeira;2025
America-MG;1f68d780;Jhosefer;https://fbref.com/en/players/4af25701/Jhosefer;2025
America-MG;1f68d780;Yago Andrade;https://fbref.com/en/players/13b58052/Yago-Andrade;2025
America-MG;1f68d780;Samuel;https://fbref.com/en/players/3de3d204/Samuel;2025
America-MG;1f68d780;Aloísio Souza Genézio;https://fbref.com/en/players/7fbc31de/Aloisio-Souza-Genezio;2025
America-MG;1f68d780;Rafael Barcelos;https://fbref.com/en/players/69230314/Rafael-Barcelos;2025
America-MG;1f68d780;Héber;https://fbref.com/en/players/d552c4a1/Heber;2025
America-MG;1f68d780;David José;https://fbref.com/en/players/2dd018a1/David-Jose;2025
America-MG;1f68d780;Guilherme Nogueira;https://fbref.com/en/players/0d25d1c6/Guilherme-Nogueira;2025
America-MG;1f68d780;Dalbert Henrique;https://fbref.com/en/players/f45f9427/Dalbert-Henrique;2025
America-MG;1f68d780;Breno Teixeira;https://fbref.com/en/players/06d5a9e6/Breno-Teixeira;2025
America-MG;1f68d780;David;https://fbref.com/en/players/398ad0de/David;2025
America-MG;1f68d780;Martín Benítez;https://fbref.com/en/players/c122e34e/Martin-Benitez;2025
America-MG;1f68d780;Player;;2025
America-MG;1f68d780;Renato Marques;https://fbref.com/en/players/838d1215/Renato-Marques;2025
America-MG;1f68d780;Guilherme Pato;https://fbref.com/en/players/d5fd5774/Guilherme-Pato;2025
America-MG;1f68d780;Gustavinho;https://fbref.com/en/players/69896b0e/Gustavinho;2025
America-MG;1f68d780;Pedro Barcelos;https://fbref.com/en/players/39a2bd23/Pedro-Barcelos;2025
America-MG;1f68d780;Kauan;https://fbref.com/en/players/21005c07/Kauan;2025
America-MG;1f68d780;Jhonnatan Silva;https://fbref.com/en/players/a866dee9/Jhonnatan-Silva;2025
America-MG;1f68d780;Adyson;https://fbref.com/en/players/77f8db7c/Adyson;2025
America-MG;1f68d780;Henrique Braga;https://fbref.com/en/players/a72e1ebb/Henrique-Braga;2025
America-MG;1f68d780;Gustavo Correa;https://fbref.com/en/players/9988a9e4/Gustavo-Correa;2025
America-MG;1f68d780;Jori;https://fbref.com/en/players/9aecb45b/Jori;2025
America-MG;1f68d780;Thallyson;https://fbref.com/en/players/4f10d77a/Thallyson;2025
America-MG;1f68d780;Arthur Yan;https://fbref.com/en/players/b9a9ca97/Arthur-Yan;2025
Athletic Club;5237f85d;Sidimar;https://fbref.com/en/players/080fc1f0/Sidimar;2025
Athletic Club;5237f85d;Adriel;https://fbref.com/en/players/11ad100a/Adriel;2025
Athletic Club;5237f85d;Sandry;https://fbref.com/en/players/8ceeabef/Sandry;2025
Athletic Club;5237f85d;Douglas Pelé;https://fbref.com/en/players/7c6ac38f/Douglas-Pele;2025
Athletic Club;5237f85d;David Braga;https://fbref.com/en/players/1448daef/David-Braga;2025
Athletic Club;5237f85d;Welinton Torrão;https://fbref.com/en/players/3674f5b8/Welinton-Torrao;2025
Athletic Club;5237f85d;Rodrigo Gelado;https://fbref.com/en/players/c881f2b2/Rodrigo-Gelado;2025
Athletic Club;5237f85d;Marcelo Ajul;https://fbref.com/en/players/0e6c7c7b/Marcelo-Ajul;2025
Athletic Club;5237f85d;Max;https://fbref.com/en/players/cffead42/Max;2025
Athletic Club;5237f85d;Ronaldo Tavares;https://fbref.com/en/players/7408aba2/Ronaldo-Tavares;2025
Athletic Club;5237f85d;Yuri;https://fbref.com/en/players/e4180586/Yuri;2025
Athletic Club;5237f85d;Fabrício Isidoro;https://fbref.com/en/players/b70ca4b5/Fabricio-Isidoro;2025
Athletic Club;5237f85d;Neto Costa;https://fbref.com/en/players/d8fd43d6/Neto-Costa;2025
Athletic Club;5237f85d;Amorim;https://fbref.com/en/players/87c4d798/Amorim;2025
Athletic Club;5237f85d;Wesley Gasolina;https://fbref.com/en/players/7f7ad37a/Wesley-Gasolina;2025
Athletic Club;5237f85d;Fernando Martínez;https://fbref.com/en/players/949c2632/Fernando-Martinez;2025
Athletic Club;5237f85d;Diego Fumaca;https://fbref.com/en/players/5c308aa7/Diego-Fumaca;2025
Athletic Club;5237f85d;Jefferson Luis;https://fbref.com/en/players/fdb4d02b/Jefferson-Luis;2025
Athletic Club;5237f85d;Alex;https://fbref.com/en/players/7367baf7/Alex;2025
Athletic Club;5237f85d;Jhonatan Silva;https://fbref.com/en/players/65fbe0c7/Jhonatan-Silva;2025
Athletic Club;5237f85d;Player;;2025
Athletic Club;5237f85d;Alessio da Cruz;https://fbref.com/en/players/b6667741/Alessio-da-Cruz;2025
Athletic Club;5237f85d;Edson Miranda;https://fbref.com/en/players/fcecaee4/Edson-Miranda;2025
Athletic Club;5237f85d;João Miguel;https://fbref.com/en/players/b71a9e85/Joao-Miguel;2025
Athletic Club;5237f85d;Alason Carioca;https://fbref.com/en/players/398f90f1/Alason-Carioca;2025
Athletic Club;5237f85d;Ezequiel;https://fbref.com/en/players/388ccd91/Ezequiel;2025
Athletic Club;5237f85d;Francisco Geraldes;https://fbref.com/en/players/dbde9724/Francisco-Geraldes;2025
Athletic Club;5237f85d;Gabriel Ferreira;https://fbref.com/en/players/e357b02a/Gabriel-Ferreira;2025
Athletic Club;5237f85d;Lincoln;https://fbref.com/en/players/1bd69420/Lincoln;2025
Athletic Club;5237f85d;Guilherme Cachoeira;https://fbref.com/en/players/a5a402b2/Guilherme-Cachoeira;2025
Athletic Club;5237f85d;Kauan Lindes;https://fbref.com/en/players/a80fe10c/Kauan-Lindes;2025
Athletic Club;5237f85d;Luiz Filipe;https://fbref.com/en/players/4a615e0b/Luiz-Filipe;2025
Athletic Club;5237f85d;Gustavo Silva;https://fbref.com/en/players/c3da1fca/Gustavo-Silva;2025
Athletic Club;5237f85d;Matheus Mococa;https://fbref.com/en/players/d2d9ab58/Matheus-Mococa;2025
Athletic Club;5237f85d;Gabriel Indio;https://fbref.com/en/players/087da676/Gabriel-Indio;2025
Athletic Club;5237f85d;Glauco Passos;https://fbref.com/en/players/9d8c76b9/Glauco-Passos;2025
Athletic Club;5237f85d;Andrey Ramos do Nascimento;https://fbref.com/en/players/eb55ab5a/Andrey-Ramos-do-Nascimento;2025
Athletic Club;5237f85d;Caick;https://fbref.com/en/players/9c58a54c/Caick;2025
Athletic Club;5237f85d;Marllon;https://fbref.com/en/players/c4e96a97/Marllon;2025
Athletic Club;5237f85d;Nathan;https://fbref.com/en/players/7558d34b/Nathan;2025
Athletic Club;5237f85d;Matheus Mega;https://fbref.com/en/players/dd1e0bae/Matheus-Mega;2025
Athletic Club;5237f85d;Player;;2025
Athletic Club;5237f85d;Mateus Gonçalves Martins;https://fbref.com/en/players/20e9c1c7/Mateus-Goncalves-Martins;2025
Athletic Club;5237f85d;Carlito;https://fbref.com/en/players/c2907c09/Carlito;2025
Athletic Club;5237f85d;João Adriano;https://fbref.com/en/players/17fc010d/Joao-Adriano;2025
Athletic Club;5237f85d;Alberto Betão;https://fbref.com/en/players/c3ae7f4a/Alberto-Betao;2025
Athletic Club;5237f85d;Rafael Conceição;https://fbref.com/en/players/a0898550/Rafael-Conceicao;2025
Athletic Club;5237f85d;Dourado;https://fbref.com/en/players/d8822eeb/Dourado;2025
Athletic Club;5237f85d;Eduardo Filipe;https://fbref.com/en/players/53253fb6/Eduardo-Filipe;2025
Athletic Club;5237f85d;Eduardo Freire;https://fbref.com/en/players/96d1a6ab/Eduardo-Freire;2025
Athletic Club;5237f85d;Victor Gabriel;https://fbref.com/en/players/f0b6ec55/Victor-Gabriel;2025
Athletic Club;5237f85d;Samuel Godinho;https://fbref.com/en/players/ec199f90/Samuel-Godinho;2025
Athletic Club;5237f85d;Felipe Vieira;https://fbref.com/en/players/d75bdb17/Felipe-Vieira;2025
Athletic Club;5237f85d;João Vitor;https://fbref.com/en/players/3325668f/Joao-Vitor;2025
Atlético Mineiro;422bb734;Éverson;https://fbref.com/en/players/a59c090b/Everson;2025
Atlético Mineiro;422bb734;Júnior Alonso;https://fbref.com/en/players/b18a3023/Junior-Alonso;2025
Atlético Mineiro;422bb734;Alan Franco;https://fbref.com/en/players/c76b161b/Alan-Franco;2025
Atlético Mineiro;422bb734;Rony;https://fbref.com/en/players/bffd5e50/Rony;2025
Atlético Mineiro;422bb734;Hulk;https://fbref.com/en/players/33a1f72e/Hulk;2025
Atlético Mineiro;422bb734;Gustavo Scarpa;https://fbref.com/en/players/2964fd20/Gustavo-Scarpa;2025
Atlético Mineiro;422bb734;Natanael;https://fbref.com/en/players/0b618504/Natanael;2025
Atlético Mineiro;422bb734;Igor Gomes;https://fbref.com/en/players/6a7fb945/Igor-Gomes;2025
Atlético Mineiro;422bb734;Guilherme Arana;https://fbref.com/en/players/2b15a82a/Guilherme-Arana;2025
Atlético Mineiro;422bb734;Vitor Hugo;https://fbref.com/en/players/f2c1300a/Vitor-Hugo;2025
Atlético Mineiro;422bb734;Lyanco;https://fbref.com/en/players/b5bf1770/Lyanco;2025
Atlético Mineiro;422bb734;Fausto Vera;https://fbref.com/en/players/8b3b381b/Fausto-Vera;2025
Atlético Mineiro;422bb734;Tomás Cuello;https://fbref.com/en/players/5c8615dd/Tomas-Cuello;2025
Atlético Mineiro;422bb734;Dudu;https://fbref.com/en/players/895ef5ec/Dudu;2025
Atlético Mineiro;422bb734;Bernard;https://fbref.com/en/players/ab4b3e35/Bernard;2025
Atlético Mineiro;422bb734;Renzo Saravia;https://fbref.com/en/players/cf316639/Renzo-Saravia;2025
Atlético Mineiro;422bb734;Rubens;https://fbref.com/en/players/ae23d044/Rubens;2025
Atlético Mineiro;422bb734;Caio Paulista;https://fbref.com/en/players/701bb051/Caio-Paulista;2025
Atlético Mineiro;422bb734;Gabriel Menino;https://fbref.com/en/players/01819e70/Gabriel-Menino;2025
Atlético Mineiro;422bb734;Alexsander;https://fbref.com/en/players/b13e7a78/Alexsander;2025
Atlético Mineiro;422bb734;Player;;2025
Atlético Mineiro;422bb734;Iván Román;https://fbref.com/en/players/8ee6a7c1/Ivan-Roman;2025
Atlético Mineiro;422bb734;Ruan;https://fbref.com/en/players/a378a02a/Ruan;2025
Atlético Mineiro;422bb734;Biel;https://fbref.com/en/players/1cb046cd/Biel;2025
Atlético Mineiro;422bb734;Reinier;https://fbref.com/en/players/6b21b7b5/Reinier;2025
Atlético Mineiro;422bb734;Patrick Silva;https://fbref.com/en/players/d6667807/Patrick-Silva;2025
Atlético Mineiro;422bb734;Rômulo;https://fbref.com/en/players/a5dedc6e/Romulo;2025
Atlético Mineiro;422bb734;Igor Rabello;https://fbref.com/en/players/48048864/Igor-Rabello;2025
Atlético Mineiro;422bb734;Gabriel Delfim;https://fbref.com/en/players/012beb6e/Gabriel-Delfim;2025
Atlético Mineiro;422bb734;Júnior Santos;https://fbref.com/en/players/9109e933/Junior-Santos;2025
Atlético Mineiro;422bb734;João Marcelo;https://fbref.com/en/players/e8ed7091/Joao-Marcelo;2025
Atlético Mineiro;422bb734;Brahian Palacios;https://fbref.com/en/players/61a05353/Brahian-Palacios;2025
Atlético Mineiro;422bb734;Cadu;https://fbref.com/en/players/6fefa986/Cadu;2025
Atlético Mineiro;422bb734;Isaac;https://fbref.com/en/players/f689c342/Isaac;2025
Atlético Mineiro;422bb734;Mateus Iseppe;https://fbref.com/en/players/80d18f26/Mateus-Iseppe;2025
Atlético Mineiro;422bb734;Pedro Ataíde;https://fbref.com/en/players/69c4d392/Pedro-Ataide;2025
Atlético Mineiro;422bb734;João Gabriel Santos;https://fbref.com/en/players/283b8443/Joao-Gabriel-Santos;2025
Atlético Mineiro;422bb734;Índio;https://fbref.com/en/players/fe4c3b03/Indio;2025
Atlético Mineiro;422bb734;Zé Phelipe;https://fbref.com/en/players/a42637d3/Ze-Phelipe;2025
Atlético Mineiro;422bb734;David Ramos;https://fbref.com/en/players/5d839567/David-Ramos;2025
Atlético Mineiro;422bb734;Robert;https://fbref.com/en/players/f0b3d428/Robert;2025
Atlético Mineiro;422bb734;Vitão;https://fbref.com/en/players/971e8602/Vitao;2025
Atlético Mineiro;422bb734;Wallysson;https://fbref.com/en/players/dc3e5f0e/Wallysson;2025
Cruzeiro;03ff5eeb;Cássio;https://fbref.com/en/players/d42f6326/Cassio;2025
Cruzeiro;03ff5eeb;Kaiki Bruno;https://fbref.com/en/players/1a36e9cb/Kaiki-Bruno;2025
Cruzeiro;03ff5eeb;Fabrício Bruno;https://fbref.com/en/players/470d197b/Fabricio-Bruno;2025
Cruzeiro;03ff5eeb;Kaio Jorge;https://fbref.com/en/players/0cf465f2/Kaio-Jorge;2025
Cruzeiro;03ff5eeb;Lucas Villalba;https://fbref.com/en/players/2dc5144f/Lucas-Villalba;2025
Cruzeiro;03ff5eeb;Lucas Romero;https://fbref.com/en/players/d89e48b8/Lucas-Romero;2025
Cruzeiro;03ff5eeb;Matheus Pereira;https://fbref.com/en/players/b04ee927/Matheus-Pereira;2025
Cruzeiro;03ff5eeb;Lucas Silva;https://fbref.com/en/players/1c646218/Lucas-Silva;2025
Cruzeiro;03ff5eeb;Christian;https://fbref.com/en/players/a856b456/Christian;2025
Cruzeiro;03ff5eeb;William;https://fbref.com/en/players/d4d0a9ad/William;2025
Cruzeiro;03ff5eeb;Wanderson;https://fbref.com/en/players/5da33b33/Wanderson;2025
Cruzeiro;03ff5eeb;Jonathan;https://fbref.com/en/players/a25c009d/Jonathan;2025
Cruzeiro;03ff5eeb;Gabriel Barbosa;https://fbref.com/en/players/72d0e1b6/Gabriel-Barbosa;2025
Cruzeiro;03ff5eeb;Carlos Eduardo;https://fbref.com/en/players/1a234d32/Carlos-Eduardo;2025
Cruzeiro;03ff5eeb;Fagner;https://fbref.com/en/players/a9cc58fe/Fagner;2025
Cruzeiro;03ff5eeb;Matheus Henrique;https://fbref.com/en/players/a2d9f138/Matheus-Henrique;2025
Cruzeiro;03ff5eeb;Keny Arroyo;https://fbref.com/en/players/a9c426f6/Keny-Arroyo;2025
Cruzeiro;03ff5eeb;Walace;https://fbref.com/en/players/26db8853/Walace;2025
Cruzeiro;03ff5eeb;Kauã Prates;https://fbref.com/en/players/6ecfd382/Kaua-Prates;2025
Cruzeiro;03ff5eeb;Léo Aragão;https://fbref.com/en/players/47e05bd9/Leo-Aragao;2025
Cruzeiro;03ff5eeb;Player;;2025
Cruzeiro;03ff5eeb;Marquinhos;https://fbref.com/en/players/59878425/Marquinhos;2025
Cruzeiro;03ff5eeb;Luis Sinisterra;https://fbref.com/en/players/8e16dd48/Luis-Sinisterra;2025
Cruzeiro;03ff5eeb;João Marcelo;https://fbref.com/en/players/e18b8c9e/Joao-Marcelo;2025
Cruzeiro;03ff5eeb;Dudu;https://fbref.com/en/players/895ef5ec/Dudu;2025
Cruzeiro;03ff5eeb;Kauã Moraes;https://fbref.com/en/players/936f721d/Kaua-Moraes;2025
Cruzeiro;03ff5eeb;Mateo Gamarra;https://fbref.com/en/players/878dbd04/Mateo-Gamarra;2025
Cruzeiro;03ff5eeb;João Wellington;https://fbref.com/en/players/62e02b9b/Joao-Wellington;2025
Cruzeiro;03ff5eeb;Rayan Passaglia Lelis;https://fbref.com/en/players/199a71d2/Rayan-Passaglia-Lelis;2025
Cruzeiro;03ff5eeb;Yannick Bolasie;https://fbref.com/en/players/715fc0fe/Yannick-Bolasie;2025
Cruzeiro;03ff5eeb;Lautaro Díaz;https://fbref.com/en/players/28b89ba7/Lautaro-Diaz;2025
Cruzeiro;03ff5eeb;Ryan Guilherme;https://fbref.com/en/players/2ebfb12f/Ryan-Guilherme;2025
Cruzeiro;03ff5eeb;Kenji;https://fbref.com/en/players/492ade3c/Kenji;2025
Cruzeiro;03ff5eeb;Rodriguinho;https://fbref.com/en/players/4565dde3/Rodriguinho;2025
Cruzeiro;03ff5eeb;Juan Ignacio Dinenno;https://fbref.com/en/players/fc2c5692/Juan-Ignacio-Dinenno;2025
Cruzeiro;03ff5eeb;Murilo Rhikman;https://fbref.com/en/players/9e91b234/Murilo-Rhikman;2025
Cruzeiro;03ff5eeb;Marlon;https://fbref.com/en/players/63969d01/Marlon;2025
Cruzeiro;03ff5eeb;José;https://fbref.com/en/players/59b55d8c/Jose;2025
Cruzeiro;03ff5eeb;Bruno Alves;https://fbref.com/en/players/637c7c17/Bruno-Alves;2025
Cruzeiro;03ff5eeb;Cauan Baptistella;https://fbref.com/en/players/9841c617/Cauan-Baptistella;2025
Cruzeiro;03ff5eeb;Fernando;https://fbref.com/en/players/650ca5cd/Fernando;2025
Cruzeiro;03ff5eeb;Rhuan Gabriel;https://fbref.com/en/players/a9452270/Rhuan-Gabriel;2025
Cruzeiro;03ff5eeb;Vitor Lamounier;https://fbref.com/en/players/47a5dad0/Vitor-Lamounier;2025
Cruzeiro;03ff5eeb;Marcelo;https://fbref.com/en/players/b93ab927/Marcelo;2025
Cruzeiro;03ff5eeb;Otávio;https://fbref.com/en/players/b23013d3/Otavio;2025
Villa Nova;f050c492;Elias;https://fbref.com/en/players/399c5a47/Elias;2025
Villa Nova;f050c492;Halls;https://fbref.com/en/players/c2b2490e/Halls;2025
Villa Nova;f050c492;João Vieira;https://fbref.com/en/players/17a533a5/Joao-Vieira;2025
Villa Nova;f050c492;Tiago Pagnussat;https://fbref.com/en/players/63fee4e5/Tiago-Pagnussat;2025
Villa Nova;f050c492;Willian Formiga;https://fbref.com/en/players/2b79d531/Willian-Formiga;2025
Villa Nova;f050c492;Igor Henrique;https://fbref.com/en/players/b6866c1c/Igor-Henrique;2025
Villa Nova;f050c492;Gabriel Poveda;https://fbref.com/en/players/1ae3dd4e/Gabriel-Poveda;2025
Villa Nova;f050c492;Dodô;https://fbref.com/en/players/7676dd35/Dodo;2025
Villa Nova;f050c492;Weverton;https://fbref.com/en/players/e6179ed2/Weverton;2025
Villa Nova;f050c492;Todinho Júnior;https://fbref.com/en/players/c84c1cc7/Todinho-Junior;2025
Villa Nova;f050c492;Guilherme Parede;https://fbref.com/en/players/2da1c94c/Guilherme-Parede;2025
Villa Nova;f050c492;André Luis;https://fbref.com/en/players/821097f7/Andre-Luis;2025
Villa Nova;f050c492;Bernardo Schappo;https://fbref.com/en/players/eeff4ab4/Bernardo-Schappo;2025
Villa Nova;f050c492;Jean Mota;https://fbref.com/en/players/1ee0513b/Jean-Mota;2025
Villa Nova;f050c492;Walisson Maia;https://fbref.com/en/players/ffa1d3c3/Walisson-Maia;2025
Villa Nova;f050c492;Pedro Romano;https://fbref.com/en/players/dc947627/Pedro-Romano;2025
Villa Nova;f050c492;Vinícius Paiva;https://fbref.com/en/players/f3187250/Vinicius-Paiva;2025
Villa Nova;f050c492;Bruno Xavier;https://fbref.com/en/players/827d6315/Bruno-Xavier;2025
Villa Nova;f050c492;Ralf;https://fbref.com/en/players/e6afdccd/Ralf;2025
Villa Nova;f050c492;Higor;https://fbref.com/en/players/a5f225bf/Higor;2025
Villa Nova;f050c492;Player;;2025
Villa Nova;f050c492;Arilson;https://fbref.com/en/players/8488aca7/Arilson;2025
Villa Nova;f050c492;Facundo Labandeira;https://fbref.com/en/players/6f8c53c1/Facundo-Labandeira;2025
Villa Nova;f050c492;Ruan Ribeiro;https://fbref.com/en/players/04e5b365/Ruan-Ribeiro;2025
Villa Nova;f050c492;Gustavo Paje;https://fbref.com/en/players/93b89ae7/Gustavo-Paje;2025
Villa Nova;f050c492;Bruno Mendes;https://fbref.com/en/players/6a7179a2/Bruno-Mendes;2025
Villa Nova;f050c492;Diego Miticov;https://fbref.com/en/players/1785821b/Diego-Miticov;2025
Villa Nova;f050c492;Gabriel Silva;https://fbref.com/en/players/7ce3aab5/Gabriel-Silva;2025
Villa Nova;f050c492;Tom Fielding;https://fbref.com/en/players/155d525b/Tom-Fielding;2025
Villa Nova;f050c492;Maurício Kozlinski;https://fbref.com/en/players/19ad88fa/Mauricio-Kozlinski;2025
Villa Nova;f050c492;Diego Fabián Torres;https://fbref.com/en/players/cbf72aef/Diego-Fabian-Torres;2025
Villa Nova;f050c492;Victor Hugo;https://fbref.com/en/players/d0f62d9b/Victor-Hugo;2025
Villa Nova;f050c492;Enzo;https://fbref.com/en/players/245ba7c8/Enzo;2025
Villa Nova;f050c492;Emerson Urso;https://fbref.com/en/players/57491a69/Emerson-Urso;2025
Villa Nova;f050c492;Igor Inocêncio;https://fbref.com/en/players/be41fa94/Igor-Inocencio;2025
Villa Nova;f050c492;Nathan Melo;https://fbref.com/en/players/eb61284b/Nathan-Melo;2025
Villa Nova;f050c492;Luan Andrey;https://fbref.com/en/players/074ec4a3/Luan-Andrey;2025
Villa Nova;f050c492;Paulinho;https://fbref.com/en/players/043eb641/Paulinho;2025
Villa Nova;f050c492;Breno;https://fbref.com/en/players/7d3a1a49/Breno;2025
Villa Nova;f050c492;João Caixeta;https://fbref.com/en/players/0aed1ab2/Joao-Caixeta;2025
Villa Nova;f050c492;Lucas Soares;https://fbref.com/en/players/e36c33cc/Lucas-Soares;2025
Villa Nova;f050c492;Raimundo Ykaro;https://fbref.com/en/players/8fb1320b/Raimundo-Ykaro;2025
Villa Nova;f050c492;Marcondes;https://fbref.com/en/players/fc555f76/Marcondes;2025
Villa Nova;f050c492;Kauã Paes;https://fbref.com/en/players/a743670f/Kaua-Paes;2025
Villa Nova;f050c492;Rodrigo;https://fbref.com/en/players/369ad80a/Rodrigo;2025
Villa Nova;f050c492;Guilherme Vieira;https://fbref.com/en/players/43753c45/Guilherme-Vieira;2025
Botafogo;d9fdd9d9;Vitinho;https://fbref.com/en/players/9295dc1c/Vitinho;2025
Botafogo;d9fdd9d9;Marlon Freitas;https://fbref.com/en/players/ae3181de/Marlon-Freitas;2025
Botafogo;d9fdd9d9;Alexander Barboza;https://fbref.com/en/players/b1805c80/Alexander-Barboza;2025
Botafogo;d9fdd9d9;Jefferson Savarino;https://fbref.com/en/players/91721722/Jefferson-Savarino;2025
Botafogo;d9fdd9d9;Artur;https://fbref.com/en/players/105132cd/Artur;2025
Botafogo;d9fdd9d9;Alex Telles;https://fbref.com/en/players/e73c9bb2/Alex-Telles;2025
Botafogo;d9fdd9d9;David Loiola;https://fbref.com/en/players/eddf365e/David-Loiola;2025
Botafogo;d9fdd9d9;John;https://fbref.com/en/players/33a235af/John;2025
Botafogo;d9fdd9d9;Newton;https://fbref.com/en/players/0c0c8329/Newton;2025
Botafogo;d9fdd9d9;Leonardo Linck;https://fbref.com/en/players/bc30a70d/Leonardo-Linck;2025
Botafogo;d9fdd9d9;Arthur Cabral;https://fbref.com/en/players/a820e429/Arthur-Cabral;2025
Botafogo;d9fdd9d9;Cuiabano;https://fbref.com/en/players/7e49bdbd/Cuiabano;2025
Botafogo;d9fdd9d9;Santiago Rodríguez;https://fbref.com/en/players/86dff811/Santiago-Rodriguez;2025
Botafogo;d9fdd9d9;Fernando Marçal;https://fbref.com/en/players/9ae9eaea/Fernando-Marcal;2025
Botafogo;d9fdd9d9;Jair Cunha;https://fbref.com/en/players/ac31d35e/Jair-Cunha;2025
Botafogo;d9fdd9d9;Gregore;https://fbref.com/en/players/49815f34/Gregore;2025
Botafogo;d9fdd9d9;Allan;https://fbref.com/en/players/cc700722/Allan;2025
Botafogo;d9fdd9d9;Kaio Pantaleão;https://fbref.com/en/players/a9be27f2/Kaio-Pantaleao;2025
Botafogo;d9fdd9d9;Álvaro Montoro;https://fbref.com/en/players/4c55ed86/Alvaro-Montoro;2025
Botafogo;d9fdd9d9;Joaquín Correa;https://fbref.com/en/players/45b9b619/Joaquin-Correa;2025
Botafogo;d9fdd9d9;Player;;2025
Botafogo;d9fdd9d9;Igor Jesus;https://fbref.com/en/players/dbe24cce/Igor-Jesus;2025
Botafogo;d9fdd9d9;Danilo Santos;https://fbref.com/en/players/a816dbfb/Danilo-Santos;2025
Botafogo;d9fdd9d9;Jeffinho;https://fbref.com/en/players/45cce300/Jeffinho;2025
Botafogo;d9fdd9d9;Chris Ramos;https://fbref.com/en/players/44e07fac/Chris-Ramos;2025
Botafogo;d9fdd9d9;Matheus Martins;https://fbref.com/en/players/73fd2787/Matheus-Martins;2025
Botafogo;d9fdd9d9;Mateo Ponte;https://fbref.com/en/players/981e61c1/Mateo-Ponte;2025
Botafogo;d9fdd9d9;Patrick de Paula;https://fbref.com/en/players/9f12fbb7/Patrick-de-Paula;2025
Botafogo;d9fdd9d9;Gonzalo Mastriani;https://fbref.com/en/players/b4339e2b/Gonzalo-Mastriani;2025
Botafogo;d9fdd9d9;Gabriel Bahia;https://fbref.com/en/players/af54b2db/Gabriel-Bahia;2025
Botafogo;d9fdd9d9;Neto;https://fbref.com/en/players/a9dc785c/Neto;2025
Botafogo;d9fdd9d9;Nathan Fernandes;https://fbref.com/en/players/239bbd8b/Nathan-Fernandes;2025
Botafogo;d9fdd9d9;Jordan Barrera;https://fbref.com/en/players/abe7a9c6/Jordan-Barrera;2025
Botafogo;d9fdd9d9;Raul Steffens;https://fbref.com/en/players/32e3faa6/Raul-Steffens;2025
Botafogo;d9fdd9d9;Rwan;https://fbref.com/en/players/568a75fd/Rwan;2025
Botafogo;d9fdd9d9;Kadir Barría;https://fbref.com/en/players/b594dfe1/Kadir-Barria;2025
Botafogo;d9fdd9d9;Danilo Barbosa;https://fbref.com/en/players/0557ff4f/Danilo-Barbosa;2025
Botafogo;d9fdd9d9;Kauan Lindes;https://fbref.com/en/players/a80fe10c/Kauan-Lindes;2025
Botafogo;d9fdd9d9;Elias Manoel;https://fbref.com/en/players/7f19cbe0/Elias-Manoel;2025
Botafogo;d9fdd9d9;Huguinho;https://fbref.com/en/players/9368b299/Huguinho;2025
Botafogo;d9fdd9d9;Kauan Toledo;https://fbref.com/en/players/2cc7bb98/Kauan-Toledo;2025
Botafogo;d9fdd9d9;Player;;2025
Botafogo;d9fdd9d9;Marquinhos;https://fbref.com/en/players/5fb8eee5/Marquinhos;2025
Botafogo;d9fdd9d9;Gabriel Abdias;https://fbref.com/en/players/ca540bc9/Gabriel-Abdias;2025
Botafogo;d9fdd9d9;Kauã Branco;https://fbref.com/en/players/68ff3fdc/Kaua-Branco;2025
Botafogo;d9fdd9d9;Cléber;https://fbref.com/en/players/352c1985/Cleber;2025
Botafogo;d9fdd9d9;Gabriel Justino;https://fbref.com/en/players/bd01d413/Gabriel-Justino;2025
Botafogo;d9fdd9d9;Kauê;https://fbref.com/en/players/74601f59/Kaue;2025
Botafogo;d9fdd9d9;Kayke;https://fbref.com/en/players/ac0a127f/Kayke;2025
Botafogo;d9fdd9d9;Cristhian Loor;https://fbref.com/en/players/a2ce97ae/Cristhian-Loor;2025
Botafogo;d9fdd9d9;Rhyan;https://fbref.com/en/players/c1424ecb/Rhyan;2025
Botafogo;d9fdd9d9;Serafim;https://fbref.com/en/players/eb92bf7b/Serafim;2025
Botafogo;d9fdd9d9;Cauã Zappelini;https://fbref.com/en/players/ff7f7d73/Caua-Zappelini;2025
Flamengo;639950ae;Agustín Rossi;https://fbref.com/en/players/ef223e5f/Agustin-Rossi;2025
Flamengo;639950ae;Léo Pereira;https://fbref.com/en/players/bd247251/Leo-Pereira;2025
Flamengo;639950ae;Giorgian De Arrascaeta;https://fbref.com/en/players/be8d02dd/Giorgian-De-Arrascaeta;2025
Flamengo;639950ae;Leo Ortiz;https://fbref.com/en/players/53834fa2/Leo-Ortiz;2025
Flamengo;639950ae;Bruno Henrique;https://fbref.com/en/players/5edff24f/Bruno-Henrique;2025
Flamengo;639950ae;Alex Sandro;https://fbref.com/en/players/0d82903c/Alex-Sandro;2025
Flamengo;639950ae;Samuel Lino;https://fbref.com/en/players/2a295d33/Samuel-Lino;2025
Flamengo;639950ae;Luiz Araújo;https://fbref.com/en/players/fa18c72e/Luiz-Araujo;2025
Flamengo;639950ae;Jorginho;https://fbref.com/en/players/45db685d/Jorginho;2025
Flamengo;639950ae;Erick Pulgar;https://fbref.com/en/players/4611e028/Erick-Pulgar;2025
Flamengo;639950ae;Danilo;https://fbref.com/en/players/94b2001f/Danilo;2025
Flamengo;639950ae;Gonzalo Plata;https://fbref.com/en/players/54bcdeb0/Gonzalo-Plata;2025
Flamengo;639950ae;Guillermo Varela;https://fbref.com/en/players/5c961282/Guillermo-Varela;2025
Flamengo;639950ae;Emerson;https://fbref.com/en/players/df8b52a5/Emerson;2025
Flamengo;639950ae;Ayrton Lucas;https://fbref.com/en/players/db90b737/Ayrton-Lucas;2025
Flamengo;639950ae;Pedro;https://fbref.com/en/players/1ab6fad3/Pedro;2025
Flamengo;639950ae;Saúl Ñíguez;https://fbref.com/en/players/c14bc029/Saul-Niguez;2025
Flamengo;639950ae;Nicolás De La Cruz;https://fbref.com/en/players/8fda5c72/Nicolas-De-La-Cruz;2025
Flamengo;639950ae;Wesley;https://fbref.com/en/players/f2c49c79/Wesley;2025
Flamengo;639950ae;Jorge Carrascal;https://fbref.com/en/players/3f9f0d62/Jorge-Carrascal;2025
Flamengo;639950ae;Player;;2025
Flamengo;639950ae;Evertton;https://fbref.com/en/players/4961c6f4/Evertton;2025
Flamengo;639950ae;Everton Soares;https://fbref.com/en/players/b1cbc666/Everton-Soares;2025
Flamengo;639950ae;Gerson;https://fbref.com/en/players/8827bf46/Gerson;2025
Flamengo;639950ae;Allan;https://fbref.com/en/players/b15e93aa/Allan;2025
Flamengo;639950ae;Michael;https://fbref.com/en/players/f523d00b/Michael;2025
Flamengo;639950ae;Wallace;https://fbref.com/en/players/b83bc030/Wallace;2025
Flamengo;639950ae;João Victor;https://fbref.com/en/players/0eaa0f26/Joao-Victor;2025
Flamengo;639950ae;Juninho;https://fbref.com/en/players/d51bd6c5/Juninho;2025
Flamengo;639950ae;Matías Viña;https://fbref.com/en/players/08eb3b58/Matias-Vina;2025
Flamengo;639950ae;Dyogo Alves;https://fbref.com/en/players/be620844/Dyogo-Alves;2025
Flamengo;639950ae;Johnny Góes;https://fbref.com/en/players/f274d13e/Johnny-Goes;2025
Flamengo;639950ae;Iago;https://fbref.com/en/players/f76a981b/Iago;2025
Flamengo;639950ae;Douglas Telles;https://fbref.com/en/players/2303801d/Douglas-Telles;2025
Flamengo;639950ae;Lucio;https://fbref.com/en/players/a5aa1b17/Lucio;2025
Flamengo;639950ae;Daniel Sales;https://fbref.com/en/players/098f9d54/Daniel-Sales;2025
Flamengo;639950ae;Guilherme;https://fbref.com/en/players/281919b9/Guilherme;2025
Flamengo;639950ae;Cleiton;https://fbref.com/en/players/741c6251/Cleiton;2025
Flamengo;639950ae;Matheus Gonçalves;https://fbref.com/en/players/071a6836/Matheus-Goncalves;2025
Flamengo;639950ae;Joshua;https://fbref.com/en/players/04347cef/Joshua;2025
Flamengo;639950ae;Wanderson Junior;https://fbref.com/en/players/1d8e0299/Wanderson-Junior;2025
Flamengo;639950ae;Player;;2025
Flamengo;639950ae;Lucas Vieira;https://fbref.com/en/players/534f5cca/Lucas-Vieira;2025
Flamengo;639950ae;João Camargo;https://fbref.com/en/players/e9e13ae9/Joao-Camargo;2025
Flamengo;639950ae;Victor Hugo;https://fbref.com/en/players/33fca7f7/Victor-Hugo;2025
Flamengo;639950ae;João Alves;https://fbref.com/en/players/ab0e9723/Joao-Alves;2025
Flamengo;639950ae;Matheus Cunha;https://fbref.com/en/players/9475960a/Matheus-Cunha;2025
Flamengo;639950ae;Pedro Fachinetti;https://fbref.com/en/players/0ccff366/Pedro-Fachinetti;2025
Flamengo;639950ae;Bruno Fernandes Xavier;https://fbref.com/en/players/d4196dc6/Bruno-Fernandes-Xavier;2025
Flamengo;639950ae;Lorran;https://fbref.com/en/players/f87b8eed/Lorran;2025
Flamengo;639950ae;Leonardo Nannetti Lopes;https://fbref.com/en/players/d967dffe/Leonardo-Nannetti-Lopes;2025
Flamengo;639950ae;Ogundana Shola;https://fbref.com/en/players/147420c1/Ogundana-Shola;2025
Flamengo;639950ae;Yago Veloso;https://fbref.com/en/players/86ac4884/Yago-Veloso;2025
Flamengo;639950ae;Gabriel Werneck;https://fbref.com/en/players/d1455501/Gabriel-Werneck;2025
Fluminense;84d9701c;Fábio;https://fbref.com/en/players/15825726/Fabio;2025
Fluminense;84d9701c;Juan Freytes;https://fbref.com/en/players/b9863758/Juan-Freytes;2025
Fluminense;84d9701c;Martinelli;https://fbref.com/en/players/2b124c8c/Martinelli;2025
Fluminense;84d9701c;Renê;https://fbref.com/en/players/d000ffc7/Rene;2025
Fluminense;84d9701c;Agustín Canobbio;https://fbref.com/en/players/4f5a2f38/Agustin-Canobbio;2025
Fluminense;84d9701c;Samuel Xavier;https://fbref.com/en/players/0c870df5/Samuel-Xavier;2025
Fluminense;84d9701c;Hércules;https://fbref.com/en/players/eadc7b45/Hercules;2025
Fluminense;84d9701c;Kevin Serna;https://fbref.com/en/players/f3cc4a6e/Kevin-Serna;2025
Fluminense;84d9701c;Thiago Silva;https://fbref.com/en/players/86e7deaf/Thiago-Silva;2025
Fluminense;84d9701c;Germán Cano;https://fbref.com/en/players/9ccf4e14/German-Cano;2025
Fluminense;84d9701c;Everaldo Stum;https://fbref.com/en/players/0ac3d7d8/Everaldo-Stum;2025
Fluminense;84d9701c;Luciano Acosta;https://fbref.com/en/players/363ba6d7/Luciano-Acosta;2025
Fluminense;84d9701c;Ignácio;https://fbref.com/en/players/2e005e3b/Ignacio;2025
Fluminense;84d9701c;Lima;https://fbref.com/en/players/d215c7de/Lima;2025
Fluminense;84d9701c;Jhon Arias;https://fbref.com/en/players/86d96066/Jhon-Arias;2025
Fluminense;84d9701c;Facundo Bernal;https://fbref.com/en/players/ca34fa2e/Facundo-Bernal;2025
Fluminense;84d9701c;Guga;https://fbref.com/en/players/6975a3e1/Guga;2025
Fluminense;84d9701c;Nonato;https://fbref.com/en/players/b91a6912/Nonato;2025
Fluminense;84d9701c;Gabriel Fuentes;https://fbref.com/en/players/bb23a0e7/Gabriel-Fuentes;2025
Fluminense;84d9701c;Ganso;https://fbref.com/en/players/23593121/Ganso;2025
Fluminense;84d9701c;Player;;2025
Fluminense;84d9701c;John Kennedy;https://fbref.com/en/players/132880e0/John-Kennedy;2025
Fluminense;84d9701c;Keno;https://fbref.com/en/players/98558c11/Keno;2025
Fluminense;84d9701c;Manoel;https://fbref.com/en/players/12748e35/Manoel;2025
Fluminense;84d9701c;Yeferson Soteldo;https://fbref.com/en/players/bbb6c951/Yeferson-Soteldo;2025
Fluminense;84d9701c;Thiago dos Santos;https://fbref.com/en/players/5408d2b2/Thiago-dos-Santos;2025
Fluminense;84d9701c;Otávio;https://fbref.com/en/players/243f4a0b/Otavio;2025
Fluminense;84d9701c;Davi Schuindt;https://fbref.com/en/players/394256c4/Davi-Schuindt;2025
Fluminense;84d9701c;Julio Cesar;https://fbref.com/en/players/94325798/Julio-Cesar;2025
Fluminense;84d9701c;Santiago Moreno;https://fbref.com/en/players/3261d0e4/Santiago-Moreno;2025
Fluminense;84d9701c;Igor Rabello;https://fbref.com/en/players/48048864/Igor-Rabello;2025
Fluminense;84d9701c;Riquelme;https://fbref.com/en/players/ce31d798/Riquelme;2025
Fluminense;84d9701c;Joaquín Lavega;https://fbref.com/en/players/c67a5e1d/Joaquin-Lavega;2025
Fluminense;84d9701c;Rubén Lezcano;https://fbref.com/en/players/d5351e90/Ruben-Lezcano;2025
Fluminense;84d9701c;Paulo Baya;https://fbref.com/en/players/879d5577/Paulo-Baya;2025
Fluminense;84d9701c;Isaque;https://fbref.com/en/players/7d20cf39/Isaque;2025
Fluminense;84d9701c;Renato Augusto;https://fbref.com/en/players/83a6367a/Renato-Augusto;2025
Fluminense;84d9701c;Marcelo Pitaluga;https://fbref.com/en/players/b3cafda8/Marcelo-Pitaluga;2025
Fluminense;84d9701c;Vitor Eudes;https://fbref.com/en/players/b7a95ab2/Vitor-Eudes;2025
Fluminense;84d9701c;Léo Jance;https://fbref.com/en/players/f19ac307/Leo-Jance;2025
Fluminense;84d9701c;João Loiola;https://fbref.com/en/players/8c76d939/Joao-Loiola;2025
Fluminense;84d9701c;Vagno;https://fbref.com/en/players/7a64a82b/Vagno;2025
Fluminense;84d9701c;Wallace;https://fbref.com/en/players/0249917e/Wallace;2025
Vasco da Gama;83f55dbe;Léo Jardim;https://fbref.com/en/players/f5dfc256/Leo-Jardim;2025
Vasco da Gama;83f55dbe;Nuno Gonçalo Moreira;https://fbref.com/en/players/c28df63c/Nuno-Goncalo-Moreira;2025
Vasco da Gama;83f55dbe;Rayan;https://fbref.com/en/players/288647fc/Rayan;2025
Vasco da Gama;83f55dbe;Philippe Coutinho;https://fbref.com/en/players/0ef89a37/Philippe-Coutinho;2025
Vasco da Gama;83f55dbe;Lucas Piton;https://fbref.com/en/players/defce7f1/Lucas-Piton;2025
Vasco da Gama;83f55dbe;Paulo Henrique;https://fbref.com/en/players/25a0cb08/Paulo-Henrique;2025
Vasco da Gama;83f55dbe;Hugo Moura;https://fbref.com/en/players/14100165/Hugo-Moura;2025
Vasco da Gama;83f55dbe;Pablo Vegetti;https://fbref.com/en/players/06cc28cd/Pablo-Vegetti;2025
Vasco da Gama;83f55dbe;Tchê Tchê;https://fbref.com/en/players/5f2caf8f/Tche-Tche;2025
Vasco da Gama;83f55dbe;Lucas Freitas;https://fbref.com/en/players/a92be6c1/Lucas-Freitas;2025
Vasco da Gama;83f55dbe;João Victor;https://fbref.com/en/players/d60cf08d/Joao-Victor;2025
Vasco da Gama;83f55dbe;Cauan Barros;https://fbref.com/en/players/6ae4627b/Cauan-Barros;2025
Vasco da Gama;83f55dbe;José Luis Rodríguez Bebanz;https://fbref.com/en/players/6f1a7f76/Jose-Luis-Rodriguez-Bebanz;2025
Vasco da Gama;83f55dbe;Robert Renan;https://fbref.com/en/players/168a2e81/Robert-Renan;2025
Vasco da Gama;83f55dbe;Carlos Cuesta;https://fbref.com/en/players/574fff8c/Carlos-Cuesta;2025
Vasco da Gama;83f55dbe;Andrés Gómez;https://fbref.com/en/players/76a82373/Andres-Gomez;2025
Vasco da Gama;83f55dbe;Jair;https://fbref.com/en/players/f3466edc/Jair;2025
Vasco da Gama;83f55dbe;David;https://fbref.com/en/players/92f9ace5/David;2025
Vasco da Gama;83f55dbe;Mateus Cocão;https://fbref.com/en/players/35f270b7/Mateus-Cocao;2025
Vasco da Gama;83f55dbe;Paulinho;https://fbref.com/en/players/2d215840/Paulinho;2025
Vasco da Gama;83f55dbe;Player;;2025
Vasco da Gama;83f55dbe;Thiago Mendes;https://fbref.com/en/players/c6e5d20f/Thiago-Mendes;2025
Vasco da Gama;83f55dbe;Benjamín Garré;https://fbref.com/en/players/351780d8/Benjamin-Garre;2025
Vasco da Gama;83f55dbe;Luiz Gustavo;https://fbref.com/en/players/8b7b78ac/Luiz-Gustavo;2025
Vasco da Gama;83f55dbe;Mauricio Lemos;https://fbref.com/en/players/dbe5a587/Mauricio-Lemos;2025
Vasco da Gama;83f55dbe;Matheus França;https://fbref.com/en/players/077faf72/Matheus-Franca;2025
Vasco da Gama;83f55dbe;Victor Luis;https://fbref.com/en/players/cc68c4d3/Victor-Luis;2025
Vasco da Gama;83f55dbe;Lucas Oliveira;https://fbref.com/en/players/96d8b3d1/Lucas-Oliveira;2025
Vasco da Gama;83f55dbe;Loide Augusto;https://fbref.com/en/players/aea6ca59/Loide-Augusto;2025
Vasco da Gama;83f55dbe;Dimitri Payet;https://fbref.com/en/players/58ae47b2/Dimitri-Payet;2025
Vasco da Gama;83f55dbe;Daniel Fuzato;https://fbref.com/en/players/82328faf/Daniel-Fuzato;2025
Vasco da Gama;83f55dbe;Juan Sforza;https://fbref.com/en/players/ff112582/Juan-Sforza;2025
Vasco da Gama;83f55dbe;Adson;https://fbref.com/en/players/eda38706/Adson;2025
Vasco da Gama;83f55dbe;Gabriel Souza;https://fbref.com/en/players/56a85c3b/Gabriel-Souza;2025
Vasco da Gama;83f55dbe;Alex Teixeira;https://fbref.com/en/players/ae530c73/Alex-Teixeira;2025
Vasco da Gama;83f55dbe;Leandrinho;https://fbref.com/en/players/c27450ec/Leandrinho;2025
Vasco da Gama;83f55dbe;Lukas Zuccarello;https://fbref.com/en/players/ad792e99/Lukas-Zuccarello;2025
Vasco da Gama;83f55dbe;Guilherme Estrella;https://fbref.com/en/players/df090e8c/Guilherme-Estrella;2025
Vasco da Gama;83f55dbe;Leo Jacó;https://fbref.com/en/players/1d5d1d4a/Leo-Jaco;2025
Vasco da Gama;83f55dbe;Jean Meneses;https://fbref.com/en/players/dc7acc74/Jean-Meneses;2025
Vasco da Gama;83f55dbe;Allan;https://fbref.com/en/players/ad5cd8fb/Allan;2025
Vasco da Gama;83f55dbe;Player;;2025
Vasco da Gama;83f55dbe;Avellar;https://fbref.com/en/players/19536a8f/Avellar;2025
Vasco da Gama;83f55dbe;Euder;https://fbref.com/en/players/edb1ff12/Euder;2025
Vasco da Gama;83f55dbe;Phillipe Gabriel;https://fbref.com/en/players/de789253/Phillipe-Gabriel;2025
Vasco da Gama;83f55dbe;Diego Minete;https://fbref.com/en/players/2b256166/Diego-Minete;2025
Vasco da Gama;83f55dbe;Pablo;https://fbref.com/en/players/df4b335a/Pablo;2025
Vasco da Gama;83f55dbe;Paulinho;https://fbref.com/en/players/0636d932/Paulinho;2025
Vasco da Gama;83f55dbe;Josef de Souza;https://fbref.com/en/players/fb6530de/Josef-de-Souza;2025
Vasco da Gama;83f55dbe;Breno Vereza;https://fbref.com/en/players/b77a8393/Breno-Vereza;2025
Volta Redonda;02b8d5d3;Sánchez Costa;https://fbref.com/en/players/ee7b0c94/Sanchez-Costa;2025
Volta Redonda;02b8d5d3;Rai;https://fbref.com/en/players/2c8d3855/Rai;2025
Volta Redonda;02b8d5d3;Gabriel Pinheiro;https://fbref.com/en/players/152b6de9/Gabriel-Pinheiro;2025
Volta Redonda;02b8d5d3;Jean Drosny;https://fbref.com/en/players/c8df7d56/Jean-Drosny;2025
Volta Redonda;02b8d5d3;Jhonny;https://fbref.com/en/players/08083004/Jhonny;2025
Volta Redonda;02b8d5d3;André Luiz;https://fbref.com/en/players/55efcec8/Andre-Luiz;2025
Volta Redonda;02b8d5d3;Pierre;https://fbref.com/en/players/064cd740/Pierre;2025
Volta Redonda;02b8d5d3;MV;https://fbref.com/en/players/d194fe64/MV;2025
Volta Redonda;02b8d5d3;Vitinho;https://fbref.com/en/players/2746daa8/Vitinho;2025
Volta Redonda;02b8d5d3;Gabriel Bahia;https://fbref.com/en/players/af54b2db/Gabriel-Bahia;2025
Volta Redonda;02b8d5d3;Lucas Adell;https://fbref.com/en/players/38ebe010/Lucas-Adell;2025
Volta Redonda;02b8d5d3;Italo;https://fbref.com/en/players/bb40afb3/Italo;2025
Volta Redonda;02b8d5d3;Jefferson Paulino;https://fbref.com/en/players/2cbd1046/Jefferson-Paulino;2025
Volta Redonda;02b8d5d3;Wellington Silva;https://fbref.com/en/players/71d3a056/Wellington-Silva;2025
Volta Redonda;02b8d5d3;Bruno Barra;https://fbref.com/en/players/795db84a/Bruno-Barra;2025
Volta Redonda;02b8d5d3;Igor Morais;https://fbref.com/en/players/8500f72b/Igor-Morais;2025
Volta Redonda;02b8d5d3;Robinho;https://fbref.com/en/players/92063712/Robinho;2025
Volta Redonda;02b8d5d3;Fabrício;https://fbref.com/en/players/2ddf9f3f/Fabricio;2025
Volta Redonda;02b8d5d3;Ygor Catatau;https://fbref.com/en/players/4b741de1/Ygor-Catatau;2025
Volta Redonda;02b8d5d3;Thallyson;https://fbref.com/en/players/c9d4e0ba/Thallyson;2025
Volta Redonda;02b8d5d3;Player;;2025
Volta Redonda;02b8d5d3;João Pedro;https://fbref.com/en/players/c70b396e/Joao-Pedro;2025
Volta Redonda;02b8d5d3;Patrick;https://fbref.com/en/players/44525f32/Patrick;2025
Volta Redonda;02b8d5d3;Caio Roque;https://fbref.com/en/players/6345721a/Caio-Roque;2025
Volta Redonda;02b8d5d3;Bruno Santos;https://fbref.com/en/players/530e0d50/Bruno-Santos;2025
Volta Redonda;02b8d5d3;Chayene Santos;https://fbref.com/en/players/64a427b4/Chayene-Santos;2025
Volta Redonda;02b8d5d3;Lucas Tocantins;https://fbref.com/en/players/d6ffa03c/Lucas-Tocantins;2025
Volta Redonda;02b8d5d3;MIRANDINHA;https://fbref.com/en/players/cad9f863/MIRANDINHA;2025
Volta Redonda;02b8d5d3;Hyuri;https://fbref.com/en/players/a6f6f037/Hyuri;2025
Volta Redonda;02b8d5d3;Matheus Lucas;https://fbref.com/en/players/16f089ed/Matheus-Lucas;2025
Volta Redonda;02b8d5d3;Marquinhos;https://fbref.com/en/players/148cb5e8/Marquinhos;2025
Volta Redonda;02b8d5d3;Juninho;https://fbref.com/en/players/0913a39e/Juninho;2025
Volta Redonda;02b8d5d3;Kayke Rodrigues;https://fbref.com/en/players/c9241f21/Kayke-Rodrigues;2025
Volta Redonda;02b8d5d3;Heliardo;https://fbref.com/en/players/52301f16/Heliardo;2025
Volta Redonda;02b8d5d3;Ynaiã;https://fbref.com/en/players/80a86547/Ynaia;2025
Volta Redonda;02b8d5d3;Henrique Silva;https://fbref.com/en/players/e6ff4f69/Henrique-Silva;2025
Volta Redonda;02b8d5d3;Lucas Ramires;https://fbref.com/en/players/32395c13/Lucas-Ramires;2025
Volta Redonda;02b8d5d3;Dener;https://fbref.com/en/players/3b570c74/Dener;2025
Volta Redonda;02b8d5d3;Avelino;https://fbref.com/en/players/976a8c20/Avelino;2025
Volta Redonda;02b8d5d3;Daniel Cabral;https://fbref.com/en/players/c080bb5e/Daniel-Cabral;2025
Volta Redonda;02b8d5d3;Léo Ceará;https://fbref.com/en/players/29633de3/Leo-Ceara;2025
Volta Redonda;02b8d5d3;Player;;2025
Volta Redonda;02b8d5d3;Luciano Naninho;https://fbref.com/en/players/25636434/Luciano-Naninho;2025
Volta Redonda;02b8d5d3;Lucas Chávez;https://fbref.com/en/players/7a882535/Lucas-Chavez;2025
Volta Redonda;02b8d5d3;Adsson;https://fbref.com/en/players/8a7a35a4/Adsson;2025
Volta Redonda;02b8d5d3;Igor Maduro;https://fbref.com/en/players/5e40a916/Igor-Maduro;2025
Volta Redonda;02b8d5d3;Matheus Costa;https://fbref.com/en/players/ede258fe/Matheus-Costa;2025
Volta Redonda;02b8d5d3;Caetano;https://fbref.com/en/players/e06ab89a/Caetano;2025
Volta Redonda;02b8d5d3;Lautaro Belleggia;https://fbref.com/en/players/1ef158ad/Lautaro-Belleggia;2025
Volta Redonda;02b8d5d3;João Henrique;https://fbref.com/en/players/ad95986d/Joao-Henrique;2025
Volta Redonda;02b8d5d3;Lyncon;https://fbref.com/en/players/19a8c2ab/Lyncon;2025
Volta Redonda;02b8d5d3;Eduardo Du;https://fbref.com/en/players/30b1eb6a/Eduardo-Du;2025
Volta Redonda;02b8d5d3;Kauã Oliveira;https://fbref.com/en/players/3e3e65b0/Kaua-Oliveira;2025
Volta Redonda;02b8d5d3;Kerlinho;https://fbref.com/en/players/e9e7040f/Kerlinho;2025
Volta Redonda;02b8d5d3;Luis Cáceres;https://fbref.com/en/players/6f8f4e5a/Luis-Caceres;2025
Volta Redonda;02b8d5d3;Lucas di Almeida;https://fbref.com/en/players/4109d8e8/Lucas-di-Almeida;2025
Volta Redonda;02b8d5d3;Yago Oliveira;https://fbref.com/en/players/461130a7/Yago-Oliveira;2025
